Workbook

Sheet 202503
A1: Identificador (1) | B1: Ley N° | C1: Desde | D1: Hasta | E1: Desde | F1: Hasta | G1: Unitario | H1: Duplo | I1: Tramo
A2: 202503 | B2: 21751 | C2: 45839 | D2: 45869 | E2: 1 | F2: 620251 | G2: 22007 | H2: 44014 | I2: 1 | J2: enero a junio de 2025
A3: 202503 | B3: 21751 | C3: 45839 | D3: 45869 | E3: 620252 | F3: 905941 | G3: 13505 | H3: 27010 | I3: 2
A4: 202503 | B4: 21751 | C4: 45839 | D4: 45869 | E4: 905942 | F4: 1412957 | G4: 4267 | H4: 8534 | I4: 3
A5: 202503 | B5: 21751 | C5: 45839 | D5: 45869 | E5: 1412958 | F5: 99999999 | G5: 0 | H5: 0 | I5: 4

Sheet 202502
A1: Identificador (1) | B1: Ley N° | C1: Desde | D1: Hasta | E1: Desde | F1: Hasta | G1: Unitario | H1: Duplo | I1: Tramo
A2: 202502 | B2: 21751 | C2: 45778 | D2: 45838 | E2: 1 | F2: 620251 | G2: 22007 | H2: 44014 | I2: 1
A3: 202502 | B3: 21751 | C3: 45778 | D3: 45838 | E3: 620252 | F3: 905941 | G3: 13505 | H3: 27010 | I3: 2
A4: 202502 | B4: 21751 | C4: 45778 | D4: 45838 | E4: 905942 | F4: 1412957 | G4: 4267 | H4: 8534 | I4: 3
A5: 202502 | B5: 21751 | C5: 45778 | D5: 45838 | E5: 1412958 | F5: 99999999 | G5: 0 | H5: 0 | I5: 4

Sheet 202501
A1: Identificador (1) | B1: Ley N° | C1: Desde | D1: Hasta | E1: Desde | F1: Hasta | G1: Unitario | H1: Duplo | I1: Tramo
A2: 202501 | B2: 21578 | C2: 45658 | D2: 45777 | E2: 1 | F2: 598698 | G2: 21243 | H2: 42486 | I2: 1
A3: 202501 | B3: 21578 | C3: 45658 | D3: 45777 | E3: 598699 | F3: 874460 | G3: 13036 | H3: 26072 | I3: 2
A4: 202501 | B4: 21578 | C4: 45658 | D4: 45777 | E4: 874461 | F4: 1363858 | G4: 4119 | H4: 8238 | I4: 3
A5: 202501 | B5: 21578 | C5: 45658 | D5: 45777 | E5: 1363859 | F5: 99999999 | G5: 0 | H5: 0 | I5: 4

Sheet 202401
A1: Identificador (1) | B1: Ley N° | C1: Desde | D1: Hasta | E1: Desde | F1: Hasta | G1: Unitario | H1: Duplo | I1: Tramo
A2: 202401 | B2: 21685 | C2: 45474 | D2: 45657 | E2: 1 | F2: 586227 | G2: 21243 | H2: 42486 | I2: 1
A3: 202401 | B3: 21685 | C3: 45474 | D3: 45657 | E3: 586228 | F3: 856247 | G3: 13036 | H3: 26072 | I3: 2
A4: 202401 | B4: 21685 | C4: 45474 | D4: 45657 | E4: 856248 | F4: 1335450 | G4: 4119 | H4: 8238 | I4: 3
A5: 202401 | B5: 21685 | C5: 45474 | D5: 45657 | E5: 1335451 | F5: 99999999 | G5: 0 | H5: 0 | I5: 4

Sheet Promedio 2025
D1: 1 | E1: 2 | F1: 3 | G1: 4 | H1: 5 | I1: 6 | J1: 7 | K1: 8 | L1: 9 | M1: 10 | N1: 11 | O1: 202503 | P1: 202503
A2: 2 | B2: 1 | C2: rut | D2: RUT | E2: nombre_beneficiario | F2: enero | G2: febrero | H2: marzo | I2: abril | J2: mayo | K2: junio | L2: total | M2: meses | N2: Promedio | O2: tramo | P2: valor
B3: 4759963 | C3: 47599636 | D3: 4759963-6 | E3: TORRES GONZALEZ CARLOS SERGIO | G3: 1427048 | H3: 713524 | I3: 713524 | J3: 713524 | K3: 718091 | L3: 4285711 | M3: 5 | N3: 857142.2 | O3: =IF(AND($N3>='202503'!$E$2,$N3<='202503'!$F$2),'202503'!$I$2,IF(AND($N3>='202503'!$E$3,$N3<='202503'!$F$3),'202503'!$I$3,IF(AND($N3>='202503'!$E$4,$N3<='202503'!$F$4),'202503'!$I$4,IF(AND($N3>='202503'!$E$5,$N3<='202503'!$F$5),'202503'!$I$5,0)))) -> 2 | P3: =IF(AND($N3>='202503'!$E$2,$N3<='202503'!$F$2),'202503'!$G$2,IF(AND($N3>='202503'!$E$3,$N3<='202503'!$F$3),'202503'!$G$3,IF(AND($N3>='202503'!$E$4,$N3<='202503'!$F$4),'202503'!$G$4,IF(AND($N3>='202503'!$E$5,$N3<='202503'!$F$5),'202503'!$G$5,0)))) -> 13505
B4: 5433278 | C4: 54332785 | D4: 5433278-5 | E4: CERDA ROMO ANA MARIA | F4: 3668278 | G4: 3543391 | H4: 5945085 | I4: 3543391 | J4: 3560244 | K4: 6003931 | L4: 26264320 | M4: 6 | N4: 4377386.7 | O4: =IF(AND($N4>='202503'!$E$2,$N4<='202503'!$F$2),'202503'!$I$2,IF(AND($N4>='202503'!$E$3,$N4<='202503'!$F$3),'202503'!$I$3,IF(AND($N4>='202503'!$E$4,$N4<='202503'!$F$4),'202503'!$I$4,IF(AND($N4>='202503'!$E$5,$N4<='202503'!$F$5),'202503'!$I$5,0)))) -> 4 | P4: =IF(AND($N4>='202503'!$E$2,$N4<='202503'!$F$2),'202503'!$G$2,IF(AND($N4>='202503'!$E$3,$N4<='202503'!$F$3),'202503'!$G$3,IF(AND($N4>='202503'!$E$4,$N4<='202503'!$F$4),'202503'!$G$4,IF(AND($N4>='202503'!$E$5,$N4<='202503'!$F$5),'202503'!$G$5,0)))) -> 0
B5: 5511590 | C5: 55115907 | D5: 5511590-7 | E5: HERNANDEZ RAMIREZ JAIME | F5: 4687813 | G5: 4531689 | H5: 7235662 | I5: 4531689 | J5: 4531689 | K5: 7270432 | L5: 32788974 | M5: 6 | N5: 5464829 | O5: =IF(AND($N5>='202503'!$E$2,$N5<='202503'!$F$2),'202503'!$I$2,IF(AND($N5>='202503'!$E$3,$N5<='202503'!$F$3),'202503'!$I$3,IF(AND($N5>='202503'!$E$4,$N5<='202503'!$F$4),'202503'!$I$4,IF(AND($N5>='202503'!$E$5,$N5<='202503'!$F$5),'202503'!$I$5,0)))) -> 4 | P5: =IF(AND($N5>='202503'!$E$2,$N5<='202503'!$F$2),'202503'!$G$2,IF(AND($N5>='202503'!$E$3,$N5<='202503'!$F$3),'202503'!$G$3,IF(AND($N5>='202503'!$E$4,$N5<='202503'!$F$4),'202503'!$G$4,IF(AND($N5>='202503'!$E$5,$N5<='202503'!$F$5),'202503'!$G$5,0)))) -> 0
B6: 5745520 | C6: 57455209 | D6: 5745520-9 | E6: OLIVARES FERNANDEZ DANTE | F6: 2285264 | G6: 2204495 | H6: 4440623 | I6: 2204495 | J6: 2204495 | K6: 4459503 | L6: 17798875 | M6: 6 | N6: 2966479.2 | O6: =IF(AND($N6>='202503'!$E$2,$N6<='202503'!$F$2),'202503'!$I$2,IF(AND($N6>='202503'!$E$3,$N6<='202503'!$F$3),'202503'!$I$3,IF(AND($N6>='202503'!$E$4,$N6<='202503'!$F$4),'202503'!$I$4,IF(AND($N6>='202503'!$E$5,$N6<='202503'!$F$5),'202503'!$I$5,0)))) -> 4 | P6: =IF(AND($N6>='202503'!$E$2,$N6<='202503'!$F$2),'202503'!$G$2,IF(AND($N6>='202503'!$E$3,$N6<='202503'!$F$3),'202503'!$G$3,IF(AND($N6>='202503'!$E$4,$N6<='202503'!$F$4),'202503'!$G$4,IF(AND($N6>='202503'!$E$5,$N6<='202503'!$F$5),'202503'!$G$5,0)))) -> 0
B7: 6069040 | C7: 60690405 | D7: 6069040-5 | E7: MARIN LOPEZ SERGIO | F7: 3175966 | G7: 3064995 | H7: 5459619 | I7: 3064995 | J7: 3064995 | K7: 5484344 | L7: 23314914 | M7: 6 | N7: 3885819 | O7: =IF(AND($N7>='202503'!$E$2,$N7<='202503'!$F$2),'202503'!$I$2,IF(AND($N7>='202503'!$E$3,$N7<='202503'!$F$3),'202503'!$I$3,IF(AND($N7>='202503'!$E$4,$N7<='202503'!$F$4),'202503'!$I$4,IF(AND($N7>='202503'!$E$5,$N7<='202503'!$F$5),'202503'!$I$5,0)))) -> 4 | P7: =IF(AND($N7>='202503'!$E$2,$N7<='202503'!$F$2),'202503'!$G$2,IF(AND($N7>='202503'!$E$3,$N7<='202503'!$F$3),'202503'!$G$3,IF(AND($N7>='202503'!$E$4,$N7<='202503'!$F$4),'202503'!$G$4,IF(AND($N7>='202503'!$E$5,$N7<='202503'!$F$5),'202503'!$G$5,0)))) -> 0
B8: 6296248 | C8: 62962488 | D8: 6296248-8 | E8: CUCUMIDES LITIN CRISTO HERNAN | F8: 2807343 | G8: 2807343 | H8: 5159685 | I8: 2807343 | J8: 2807343 | K8: 5188582 | L8: 21577639 | M8: 6 | N8: 3596273.2 | O8: =IF(AND($N8>='202503'!$E$2,$N8<='202503'!$F$2),'202503'!$I$2,IF(AND($N8>='202503'!$E$3,$N8<='202503'!$F$3),'202503'!$I$3,IF(AND($N8>='202503'!$E$4,$N8<='202503'!$F$4),'202503'!$I$4,IF(AND($N8>='202503'!$E$5,$N8<='202503'!$F$5),'202503'!$I$5,0)))) -> 4 | P8: =IF(AND($N8>='202503'!$E$2,$N8<='202503'!$F$2),'202503'!$G$2,IF(AND($N8>='202503'!$E$3,$N8<='202503'!$F$3),'202503'!$G$3,IF(AND($N8>='202503'!$E$4,$N8<='202503'!$F$4),'202503'!$G$4,IF(AND($N8>='202503'!$E$5,$N8<='202503'!$F$5),'202503'!$G$5,0)))) -> 0
B9: 6543718 | C9: 06543718K | D9: 6543718-K | E9: CAMPOS BURGOS JUAN GUILLERMO | F9: 3386571 | G9: 3268887 | H9: 5739708 | I9: 3285740 | J9: 3285740 | K9: 5796921 | L9: 24763567 | M9: 6 | N9: 4127261.2 | O9: =IF(AND($N9>='202503'!$E$2,$N9<='202503'!$F$2),'202503'!$I$2,IF(AND($N9>='202503'!$E$3,$N9<='202503'!$F$3),'202503'!$I$3,IF(AND($N9>='202503'!$E$4,$N9<='202503'!$F$4),'202503'!$I$4,IF(AND($N9>='202503'!$E$5,$N9<='202503'!$F$5),'202503'!$I$5,0)))) -> 4 | P9: =IF(AND($N9>='202503'!$E$2,$N9<='202503'!$F$2),'202503'!$G$2,IF(AND($N9>='202503'!$E$3,$N9<='202503'!$F$3),'202503'!$G$3,IF(AND($N9>='202503'!$E$4,$N9<='202503'!$F$4),'202503'!$G$4,IF(AND($N9>='202503'!$E$5,$N9<='202503'!$F$5),'202503'!$G$5,0)))) -> 0
B10: 6667887 | C10: 66678873 | D10: 6667887-3 | E10: CANO MATUS PATRICIO ANDRES | F10: 3004556 | G10: 2899845 | H10: 5135849 | I10: 2899845 | J10: 2899845 | K10: 5159179 | L10: 21999119 | M10: 6 | N10: 3666519.8 | O10: =IF(AND($N10>='202503'!$E$2,$N10<='202503'!$F$2),'202503'!$I$2,IF(AND($N10>='202503'!$E$3,$N10<='202503'!$F$3),'202503'!$I$3,IF(AND($N10>='202503'!$E$4,$N10<='202503'!$F$4),'202503'!$I$4,IF(AND($N10>='202503'!$E$5,$N10<='202503'!$F$5),'202503'!$I$5,0)))) -> 4 | P10: =IF(AND($N10>='202503'!$E$2,$N10<='202503'!$F$2),'202503'!$G$2,IF(AND($N10>='202503'!$E$3,$N10<='202503'!$F$3),'202503'!$G$3,IF(AND($N10>='202503'!$E$4,$N10<='202503'!$F$4),'202503'!$G$4,IF(AND($N10>='202503'!$E$5,$N10<='202503'!$F$5),'202503'!$G$5,0)))) -> 0
B11: 6974011 | C11: 69740111 | D11: 6974011-1 | E11: BUENO ESPINDOLA GLADYS TERESA | F11: 2196490 | G11: 2117780 | H11: 4003142 | I11: 2117780 | J11: 2117780 | K11: 4020719 | L11: 16573691 | M11: 6 | N11: 2762281.8 | O11: =IF(AND($N11>='202503'!$E$2,$N11<='202503'!$F$2),'202503'!$I$2,IF(AND($N11>='202503'!$E$3,$N11<='202503'!$F$3),'202503'!$I$3,IF(AND($N11>='202503'!$E$4,$N11<='202503'!$F$4),'202503'!$I$4,IF(AND($N11>='202503'!$E$5,$N11<='202503'!$F$5),'202503'!$I$5,0)))) -> 4 | P11: =IF(AND($N11>='202503'!$E$2,$N11<='202503'!$F$2),'202503'!$G$2,IF(AND($N11>='202503'!$E$3,$N11<='202503'!$F$3),'202503'!$G$3,IF(AND($N11>='202503'!$E$4,$N11<='202503'!$F$4),'202503'!$G$4,IF(AND($N11>='202503'!$E$5,$N11<='202503'!$F$5),'202503'!$G$5,0)))) -> 0
B12: 6988957 | C12: 69889573 | D12: 6988957-3 | E12: AVALOS OYARZUN MARIA SOLEDAD | F12: 3175966 | G12: 3064995 | H12: 5459619 | I12: 3064995 | J12: 3064995 | K12: 5484344 | L12: 23314914 | M12: 6 | N12: 3885819 | O12: =IF(AND($N12>='202503'!$E$2,$N12<='202503'!$F$2),'202503'!$I$2,IF(AND($N12>='202503'!$E$3,$N12<='202503'!$F$3),'202503'!$I$3,IF(AND($N12>='202503'!$E$4,$N12<='202503'!$F$4),'202503'!$I$4,IF(AND($N12>='202503'!$E$5,$N12<='202503'!$F$5),'202503'!$I$5,0)))) -> 4 | P12: =IF(AND($N12>='202503'!$E$2,$N12<='202503'!$F$2),'202503'!$G$2,IF(AND($N12>='202503'!$E$3,$N12<='202503'!$F$3),'202503'!$G$3,IF(AND($N12>='202503'!$E$4,$N12<='202503'!$F$4),'202503'!$G$4,IF(AND($N12>='202503'!$E$5,$N12<='202503'!$F$5),'202503'!$G$5,0)))) -> 0
B13: 7018093 | C13: 70180936 | D13: 7018093-6 | E13: GAJARDO BEROIZA JORGE MIGUEL | F13: 2106062 | G13: 2032811 | H13: 3525844 | I13: 2032811 | J13: 2032811 | K13: 3542040 | L13: 15272379 | M13: 6 | N13: 2545396.5 | O13: =IF(AND($N13>='202503'!$E$2,$N13<='202503'!$F$2),'202503'!$I$2,IF(AND($N13>='202503'!$E$3,$N13<='202503'!$F$3),'202503'!$I$3,IF(AND($N13>='202503'!$E$4,$N13<='202503'!$F$4),'202503'!$I$4,IF(AND($N13>='202503'!$E$5,$N13<='202503'!$F$5),'202503'!$I$5,0)))) -> 4 | P13: =IF(AND($N13>='202503'!$E$2,$N13<='202503'!$F$2),'202503'!$G$2,IF(AND($N13>='202503'!$E$3,$N13<='202503'!$F$3),'202503'!$G$3,IF(AND($N13>='202503'!$E$4,$N13<='202503'!$F$4),'202503'!$G$4,IF(AND($N13>='202503'!$E$5,$N13<='202503'!$F$5),'202503'!$G$5,0)))) -> 0
B14: 7041505 | C14: 70415054 | D14: 7041505-4 | E14: TORO SANCHEZ MARIA ANGELICA | F14: 3438287 | G14: 3319446 | H14: 5753697 | I14: 3319446 | J14: 3319446 | K14: 5804581 | L14: 24954903 | M14: 6 | N14: 4159150.5 | O14: =IF(AND($N14>='202503'!$E$2,$N14<='202503'!$F$2),'202503'!$I$2,IF(AND($N14>='202503'!$E$3,$N14<='202503'!$F$3),'202503'!$I$3,IF(AND($N14>='202503'!$E$4,$N14<='202503'!$F$4),'202503'!$I$4,IF(AND($N14>='202503'!$E$5,$N14<='202503'!$F$5),'202503'!$I$5,0)))) -> 4 | P14: =IF(AND($N14>='202503'!$E$2,$N14<='202503'!$F$2),'202503'!$G$2,IF(AND($N14>='202503'!$E$3,$N14<='202503'!$F$3),'202503'!$G$3,IF(AND($N14>='202503'!$E$4,$N14<='202503'!$F$4),'202503'!$G$4,IF(AND($N14>='202503'!$E$5,$N14<='202503'!$F$5),'202503'!$G$5,0)))) -> 0
B15: 7045235 | C15: 70452359 | D15: 7045235-9 | E15: GONZALEZ MALDONADO DAVID ANDRES | F15: 2106062 | G15: 2032811 | H15: 3471134 | I15: 2032811 | J15: 2032811 | K15: 3487212 | L15: 15162841 | M15: 6 | N15: 2527140.2 | O15: =IF(AND($N15>='202503'!$E$2,$N15<='202503'!$F$2),'202503'!$I$2,IF(AND($N15>='202503'!$E$3,$N15<='202503'!$F$3),'202503'!$I$3,IF(AND($N15>='202503'!$E$4,$N15<='202503'!$F$4),'202503'!$I$4,IF(AND($N15>='202503'!$E$5,$N15<='202503'!$F$5),'202503'!$I$5,0)))) -> 4 | P15: =IF(AND($N15>='202503'!$E$2,$N15<='202503'!$F$2),'202503'!$G$2,IF(AND($N15>='202503'!$E$3,$N15<='202503'!$F$3),'202503'!$G$3,IF(AND($N15>='202503'!$E$4,$N15<='202503'!$F$4),'202503'!$G$4,IF(AND($N15>='202503'!$E$5,$N15<='202503'!$F$5),'202503'!$G$5,0)))) -> 0
B16: 7047392 | C16: 70473925 | D16: 7047392-5 | E16: HERNANDEZ ARENAS OSVALDO | F16: 2374547 | G16: 2292217 | H16: 3900905 | I16: 2292217 | J16: 2292217 | K16: 3919006 | L16: 17071109 | M16: 6 | N16: 2845184.8 | O16: =IF(AND($N16>='202503'!$E$2,$N16<='202503'!$F$2),'202503'!$I$2,IF(AND($N16>='202503'!$E$3,$N16<='202503'!$F$3),'202503'!$I$3,IF(AND($N16>='202503'!$E$4,$N16<='202503'!$F$4),'202503'!$I$4,IF(AND($N16>='202503'!$E$5,$N16<='202503'!$F$5),'202503'!$I$5,0)))) -> 4 | P16: =IF(AND($N16>='202503'!$E$2,$N16<='202503'!$F$2),'202503'!$G$2,IF(AND($N16>='202503'!$E$3,$N16<='202503'!$F$3),'202503'!$G$3,IF(AND($N16>='202503'!$E$4,$N16<='202503'!$F$4),'202503'!$G$4,IF(AND($N16>='202503'!$E$5,$N16<='202503'!$F$5),'202503'!$G$5,0)))) -> 0
B17: 7070639 | C17: 70706393 | D17: 7070639-3 | E17: TRONCOSO RODRIGUEZ MOISES RECAREDO | F17: 1144851 | G17: 1103408 | H17: 2113106 | I17: 1103408 | J17: 1103408 | K17: 2122324 | L17: 8690505 | M17: 6 | N17: 1448417.5 | O17: =IF(AND($N17>='202503'!$E$2,$N17<='202503'!$F$2),'202503'!$I$2,IF(AND($N17>='202503'!$E$3,$N17<='202503'!$F$3),'202503'!$I$3,IF(AND($N17>='202503'!$E$4,$N17<='202503'!$F$4),'202503'!$I$4,IF(AND($N17>='202503'!$E$5,$N17<='202503'!$F$5),'202503'!$I$5,0)))) -> 4 | P17: =IF(AND($N17>='202503'!$E$2,$N17<='202503'!$F$2),'202503'!$G$2,IF(AND($N17>='202503'!$E$3,$N17<='202503'!$F$3),'202503'!$G$3,IF(AND($N17>='202503'!$E$4,$N17<='202503'!$F$4),'202503'!$G$4,IF(AND($N17>='202503'!$E$5,$N17<='202503'!$F$5),'202503'!$G$5,0)))) -> 0
B18: 7077689 | C18: 70776898 | D18: 7077689-8 | E18: RODRIGUEZ GONZALEZ XIMENA EUGENIA | F18: 2833736 | G18: 2735706 | H18: 4632464 | I18: 2735706 | J18: 2735706 | K18: 4654020 | L18: 20327338 | M18: 6 | N18: 3387889.7 | O18: =IF(AND($N18>='202503'!$E$2,$N18<='202503'!$F$2),'202503'!$I$2,IF(AND($N18>='202503'!$E$3,$N18<='202503'!$F$3),'202503'!$I$3,IF(AND($N18>='202503'!$E$4,$N18<='202503'!$F$4),'202503'!$I$4,IF(AND($N18>='202503'!$E$5,$N18<='202503'!$F$5),'202503'!$I$5,0)))) -> 4 | P18: =IF(AND($N18>='202503'!$E$2,$N18<='202503'!$F$2),'202503'!$G$2,IF(AND($N18>='202503'!$E$3,$N18<='202503'!$F$3),'202503'!$G$3,IF(AND($N18>='202503'!$E$4,$N18<='202503'!$F$4),'202503'!$G$4,IF(AND($N18>='202503'!$E$5,$N18<='202503'!$F$5),'202503'!$G$5,0)))) -> 0
B19: 7086238 | C19: 70862387 | D19: 7086238-7 | E19: FIGUEROA LINDEMANN RAMON ANTONIO | F19: 996778 | G19: 970434 | H19: 1938978 | I19: 970434 | J19: 970434 | K19: 1947255 | L19: 7794313 | M19: 6 | N19: 1299052.2 | O19: =IF(AND($N19>='202503'!$E$2,$N19<='202503'!$F$2),'202503'!$I$2,IF(AND($N19>='202503'!$E$3,$N19<='202503'!$F$3),'202503'!$I$3,IF(AND($N19>='202503'!$E$4,$N19<='202503'!$F$4),'202503'!$I$4,IF(AND($N19>='202503'!$E$5,$N19<='202503'!$F$5),'202503'!$I$5,0)))) -> 3 | P19: =IF(AND($N19>='202503'!$E$2,$N19<='202503'!$F$2),'202503'!$G$2,IF(AND($N19>='202503'!$E$3,$N19<='202503'!$F$3),'202503'!$G$3,IF(AND($N19>='202503'!$E$4,$N19<='202503'!$F$4),'202503'!$G$4,IF(AND($N19>='202503'!$E$5,$N19<='202503'!$F$5),'202503'!$G$5,0)))) -> 4267
B20: 7107091 | C20: 71070913 | D20: 7107091-3 | E20: DIAZ DIAZ MONICA DE LAS MERCEDES | F20: 2834075 | G20: 2732168 | H20: 5167318 | I20: 2746550 | J20: 2746550 | K20: 5215628 | L20: 21442289 | M20: 6 | N20: 3573714.8 | O20: =IF(AND($N20>='202503'!$E$2,$N20<='202503'!$F$2),'202503'!$I$2,IF(AND($N20>='202503'!$E$3,$N20<='202503'!$F$3),'202503'!$I$3,IF(AND($N20>='202503'!$E$4,$N20<='202503'!$F$4),'202503'!$I$4,IF(AND($N20>='202503'!$E$5,$N20<='202503'!$F$5),'202503'!$I$5,0)))) -> 4 | P20: =IF(AND($N20>='202503'!$E$2,$N20<='202503'!$F$2),'202503'!$G$2,IF(AND($N20>='202503'!$E$3,$N20<='202503'!$F$3),'202503'!$G$3,IF(AND($N20>='202503'!$E$4,$N20<='202503'!$F$4),'202503'!$G$4,IF(AND($N20>='202503'!$E$5,$N20<='202503'!$F$5),'202503'!$G$5,0)))) -> 0
B21: 7159683 | C21: 71596834 | D21: 7159683-4 | E21: JIMENEZ JIMENEZ MYRIAM DEL CARMEN | F21: 1275975 | G21: 1228301 | H21: 2514627 | I21: 1228301 | J21: 1228301 | K21: 2525233 | L21: 10000738 | M21: 6 | N21: 1666789.7 | O21: =IF(AND($N21>='202503'!$E$2,$N21<='202503'!$F$2),'202503'!$I$2,IF(AND($N21>='202503'!$E$3,$N21<='202503'!$F$3),'202503'!$I$3,IF(AND($N21>='202503'!$E$4,$N21<='202503'!$F$4),'202503'!$I$4,IF(AND($N21>='202503'!$E$5,$N21<='202503'!$F$5),'202503'!$I$5,0)))) -> 4 | P21: =IF(AND($N21>='202503'!$E$2,$N21<='202503'!$F$2),'202503'!$G$2,IF(AND($N21>='202503'!$E$3,$N21<='202503'!$F$3),'202503'!$G$3,IF(AND($N21>='202503'!$E$4,$N21<='202503'!$F$4),'202503'!$G$4,IF(AND($N21>='202503'!$E$5,$N21<='202503'!$F$5),'202503'!$G$5,0)))) -> 0
B22: 7179865 | C22: 71798658 | D22: 7179865-8 | E22: VILLALOBOS CASTRO VICTOR | F22: 1043214 | G22: 1005437 | H22: 1926854 | I22: 1005437 | J22: 1005437 | K22: 1935254 | L22: 7921633 | M22: 6 | N22: 1320272.2 | O22: =IF(AND($N22>='202503'!$E$2,$N22<='202503'!$F$2),'202503'!$I$2,IF(AND($N22>='202503'!$E$3,$N22<='202503'!$F$3),'202503'!$I$3,IF(AND($N22>='202503'!$E$4,$N22<='202503'!$F$4),'202503'!$I$4,IF(AND($N22>='202503'!$E$5,$N22<='202503'!$F$5),'202503'!$I$5,0)))) -> 3 | P22: =IF(AND($N22>='202503'!$E$2,$N22<='202503'!$F$2),'202503'!$G$2,IF(AND($N22>='202503'!$E$3,$N22<='202503'!$F$3),'202503'!$G$3,IF(AND($N22>='202503'!$E$4,$N22<='202503'!$F$4),'202503'!$G$4,IF(AND($N22>='202503'!$E$5,$N22<='202503'!$F$5),'202503'!$G$5,0)))) -> 4267
B23: 7194520 | C23: 71945200 | D23: 7194520-0 | E23: DE LA FUENTE NAHMIAS MYRIAM EUGENIA | F23: 1100952 | G23: 1061120 | H23: 2029664 | L23: 4191736 | M23: 3 | N23: 1397245.3 | O23: =IF(AND($N23>='202503'!$E$2,$N23<='202503'!$F$2),'202503'!$I$2,IF(AND($N23>='202503'!$E$3,$N23<='202503'!$F$3),'202503'!$I$3,IF(AND($N23>='202503'!$E$4,$N23<='202503'!$F$4),'202503'!$I$4,IF(AND($N23>='202503'!$E$5,$N23<='202503'!$F$5),'202503'!$I$5,0)))) -> 3 | P23: =IF(AND($N23>='202503'!$E$2,$N23<='202503'!$F$2),'202503'!$G$2,IF(AND($N23>='202503'!$E$3,$N23<='202503'!$F$3),'202503'!$G$3,IF(AND($N23>='202503'!$E$4,$N23<='202503'!$F$4),'202503'!$G$4,IF(AND($N23>='202503'!$E$5,$N23<='202503'!$F$5),'202503'!$G$5,0)))) -> 4267
B24: 7199880 | C24: 71998800 | D24: 7199880-0 | E24: VALDENEGRO HERRADA MARCELINO | F24: 2440460 | G24: 2356286 | H24: 4059144 | I24: 2356286 | J24: 2356286 | K24: 4077856 | L24: 17646318 | M24: 6 | N24: 2941053 | O24: =IF(AND($N24>='202503'!$E$2,$N24<='202503'!$F$2),'202503'!$I$2,IF(AND($N24>='202503'!$E$3,$N24<='202503'!$F$3),'202503'!$I$3,IF(AND($N24>='202503'!$E$4,$N24<='202503'!$F$4),'202503'!$I$4,IF(AND($N24>='202503'!$E$5,$N24<='202503'!$F$5),'202503'!$I$5,0)))) -> 4 | P24: =IF(AND($N24>='202503'!$E$2,$N24<='202503'!$F$2),'202503'!$G$2,IF(AND($N24>='202503'!$E$3,$N24<='202503'!$F$3),'202503'!$G$3,IF(AND($N24>='202503'!$E$4,$N24<='202503'!$F$4),'202503'!$G$4,IF(AND($N24>='202503'!$E$5,$N24<='202503'!$F$5),'202503'!$G$5,0)))) -> 0
B25: 7312426 | C25: 73124263 | D25: 7312426-3 | E25: FRIESER ROBLERO MARTA FRESIA | F25: 1144456 | G25: 1103408 | H25: 2071952 | I25: 1103408 | J25: 1103408 | K25: 2081082 | L25: 8607714 | M25: 6 | N25: 1434619 | O25: =IF(AND($N25>='202503'!$E$2,$N25<='202503'!$F$2),'202503'!$I$2,IF(AND($N25>='202503'!$E$3,$N25<='202503'!$F$3),'202503'!$I$3,IF(AND($N25>='202503'!$E$4,$N25<='202503'!$F$4),'202503'!$I$4,IF(AND($N25>='202503'!$E$5,$N25<='202503'!$F$5),'202503'!$I$5,0)))) -> 4 | P25: =IF(AND($N25>='202503'!$E$2,$N25<='202503'!$F$2),'202503'!$G$2,IF(AND($N25>='202503'!$E$3,$N25<='202503'!$F$3),'202503'!$G$3,IF(AND($N25>='202503'!$E$4,$N25<='202503'!$F$4),'202503'!$G$4,IF(AND($N25>='202503'!$E$5,$N25<='202503'!$F$5),'202503'!$G$5,0)))) -> 0
B26: 7341772 | C26: 73417724 | D26: 7341772-4 | E26: ECHAURREN MEYERHOLZ MAX ALEJANDRO | F26: 3175966 | G26: 3064995 | H26: 5459619 | I26: 3064995 | J26: 3064995 | K26: 5484344 | L26: 23314914 | M26: 6 | N26: 3885819 | O26: =IF(AND($N26>='202503'!$E$2,$N26<='202503'!$F$2),'202503'!$I$2,IF(AND($N26>='202503'!$E$3,$N26<='202503'!$F$3),'202503'!$I$3,IF(AND($N26>='202503'!$E$4,$N26<='202503'!$F$4),'202503'!$I$4,IF(AND($N26>='202503'!$E$5,$N26<='202503'!$F$5),'202503'!$I$5,0)))) -> 4 | P26: =IF(AND($N26>='202503'!$E$2,$N26<='202503'!$F$2),'202503'!$G$2,IF(AND($N26>='202503'!$E$3,$N26<='202503'!$F$3),'202503'!$G$3,IF(AND($N26>='202503'!$E$4,$N26<='202503'!$F$4),'202503'!$G$4,IF(AND($N26>='202503'!$E$5,$N26<='202503'!$F$5),'202503'!$G$5,0)))) -> 0
B27: 7361173 | C27: 73611733 | D27: 7361173-3 | E27: ALVAREZ BULACIO ORLANDO ANTONIO RICARDO | F27: 3678821 | G27: 3550688 | H27: 6252893 | I27: 3550688 | J27: 3550688 | K27: 6281382 | L27: 26865160 | M27: 6 | N27: 4477526.7 | O27: =IF(AND($N27>='202503'!$E$2,$N27<='202503'!$F$2),'202503'!$I$2,IF(AND($N27>='202503'!$E$3,$N27<='202503'!$F$3),'202503'!$I$3,IF(AND($N27>='202503'!$E$4,$N27<='202503'!$F$4),'202503'!$I$4,IF(AND($N27>='202503'!$E$5,$N27<='202503'!$F$5),'202503'!$I$5,0)))) -> 4 | P27: =IF(AND($N27>='202503'!$E$2,$N27<='202503'!$F$2),'202503'!$G$2,IF(AND($N27>='202503'!$E$3,$N27<='202503'!$F$3),'202503'!$G$3,IF(AND($N27>='202503'!$E$4,$N27<='202503'!$F$4),'202503'!$G$4,IF(AND($N27>='202503'!$E$5,$N27<='202503'!$F$5),'202503'!$G$5,0)))) -> 0
B28: 7405761 | C28: 74057616 | D28: 7405761-6 | E28: OSORIO GOMEZ ROLANDO ISMAEL | F28: 2339102 | G28: 2254504 | H28: 4309132 | I28: 2254504 | J28: 2254504 | K28: 4327944 | L28: 17739690 | M28: 6 | N28: 2956615 | O28: =IF(AND($N28>='202503'!$E$2,$N28<='202503'!$F$2),'202503'!$I$2,IF(AND($N28>='202503'!$E$3,$N28<='202503'!$F$3),'202503'!$I$3,IF(AND($N28>='202503'!$E$4,$N28<='202503'!$F$4),'202503'!$I$4,IF(AND($N28>='202503'!$E$5,$N28<='202503'!$F$5),'202503'!$I$5,0)))) -> 4 | P28: =IF(AND($N28>='202503'!$E$2,$N28<='202503'!$F$2),'202503'!$G$2,IF(AND($N28>='202503'!$E$3,$N28<='202503'!$F$3),'202503'!$G$3,IF(AND($N28>='202503'!$E$4,$N28<='202503'!$F$4),'202503'!$G$4,IF(AND($N28>='202503'!$E$5,$N28<='202503'!$F$5),'202503'!$G$5,0)))) -> 0
B29: 7411441 | C29: 74114415 | D29: 7411441-5 | E29: DIAZ ALVAREZ MONICA IVELISSE | F29: 3092230 | G29: 2982618 | H29: 5470873 | I29: 2982618 | J29: 2982618 | K29: 5519714 | L29: 23030671 | M29: 6 | N29: 3838445.2 | O29: =IF(AND($N29>='202503'!$E$2,$N29<='202503'!$F$2),'202503'!$I$2,IF(AND($N29>='202503'!$E$3,$N29<='202503'!$F$3),'202503'!$I$3,IF(AND($N29>='202503'!$E$4,$N29<='202503'!$F$4),'202503'!$I$4,IF(AND($N29>='202503'!$E$5,$N29<='202503'!$F$5),'202503'!$I$5,0)))) -> 4 | P29: =IF(AND($N29>='202503'!$E$2,$N29<='202503'!$F$2),'202503'!$G$2,IF(AND($N29>='202503'!$E$3,$N29<='202503'!$F$3),'202503'!$G$3,IF(AND($N29>='202503'!$E$4,$N29<='202503'!$F$4),'202503'!$G$4,IF(AND($N29>='202503'!$E$5,$N29<='202503'!$F$5),'202503'!$G$5,0)))) -> 0
B30: 7433699 | C30: 07433699K | D30: 7433699-K | E30: EVERT HURTADO AUGUSTO ELIAS MOISES | F30: 1023072 | G30: 985859 | H30: 1907276 | I30: 985859 | J30: 985859 | K30: 1915552 | L30: 7803477 | M30: 6 | N30: 1300579.5 | O30: =IF(AND($N30>='202503'!$E$2,$N30<='202503'!$F$2),'202503'!$I$2,IF(AND($N30>='202503'!$E$3,$N30<='202503'!$F$3),'202503'!$I$3,IF(AND($N30>='202503'!$E$4,$N30<='202503'!$F$4),'202503'!$I$4,IF(AND($N30>='202503'!$E$5,$N30<='202503'!$F$5),'202503'!$I$5,0)))) -> 3 | P30: =IF(AND($N30>='202503'!$E$2,$N30<='202503'!$F$2),'202503'!$G$2,IF(AND($N30>='202503'!$E$3,$N30<='202503'!$F$3),'202503'!$G$3,IF(AND($N30>='202503'!$E$4,$N30<='202503'!$F$4),'202503'!$G$4,IF(AND($N30>='202503'!$E$5,$N30<='202503'!$F$5),'202503'!$G$5,0)))) -> 4267
B31: 7443475 | C31: 74434754 | D31: 7443475-4 | E31: HOLZAPFEL PEÑA MOYRA FELICIA | F31: 2789881 | G31: 2689020 | H31: 5135301 | I31: 2689020 | J31: 2689020 | K31: 5157730 | L31: 21149972 | M31: 6 | N31: 3524995.3 | O31: =IF(AND($N31>='202503'!$E$2,$N31<='202503'!$F$2),'202503'!$I$2,IF(AND($N31>='202503'!$E$3,$N31<='202503'!$F$3),'202503'!$I$3,IF(AND($N31>='202503'!$E$4,$N31<='202503'!$F$4),'202503'!$I$4,IF(AND($N31>='202503'!$E$5,$N31<='202503'!$F$5),'202503'!$I$5,0)))) -> 4 | P31: =IF(AND($N31>='202503'!$E$2,$N31<='202503'!$F$2),'202503'!$G$2,IF(AND($N31>='202503'!$E$3,$N31<='202503'!$F$3),'202503'!$G$3,IF(AND($N31>='202503'!$E$4,$N31<='202503'!$F$4),'202503'!$G$4,IF(AND($N31>='202503'!$E$5,$N31<='202503'!$F$5),'202503'!$G$5,0)))) -> 0
B32: 7477048 | C32: 74770487 | D32: 7477048-7 | E32: CASTAÑEDA ARRIAGADA MARITZA DEL CARMEN | F32: 2590984 | G32: 2497572 | H32: 4738833 | I32: 2497572 | J32: 2497572 | K32: 4759601 | L32: 19582134 | M32: 6 | N32: 3263689 | O32: =IF(AND($N32>='202503'!$E$2,$N32<='202503'!$F$2),'202503'!$I$2,IF(AND($N32>='202503'!$E$3,$N32<='202503'!$F$3),'202503'!$I$3,IF(AND($N32>='202503'!$E$4,$N32<='202503'!$F$4),'202503'!$I$4,IF(AND($N32>='202503'!$E$5,$N32<='202503'!$F$5),'202503'!$I$5,0)))) -> 4 | P32: =IF(AND($N32>='202503'!$E$2,$N32<='202503'!$F$2),'202503'!$G$2,IF(AND($N32>='202503'!$E$3,$N32<='202503'!$F$3),'202503'!$G$3,IF(AND($N32>='202503'!$E$4,$N32<='202503'!$F$4),'202503'!$G$4,IF(AND($N32>='202503'!$E$5,$N32<='202503'!$F$5),'202503'!$G$5,0)))) -> 0
B33: 7553617 | C33: 75536178 | D33: 7553617-8 | E33: GALAN MARTINEZ JORGE ALBERTO | F33: 3004556 | G33: 2899845 | H33: 5135849 | I33: 2899845 | J33: 2899845 | K33: 5159179 | L33: 21999119 | M33: 6 | N33: 3666519.8 | O33: =IF(AND($N33>='202503'!$E$2,$N33<='202503'!$F$2),'202503'!$I$2,IF(AND($N33>='202503'!$E$3,$N33<='202503'!$F$3),'202503'!$I$3,IF(AND($N33>='202503'!$E$4,$N33<='202503'!$F$4),'202503'!$I$4,IF(AND($N33>='202503'!$E$5,$N33<='202503'!$F$5),'202503'!$I$5,0)))) -> 4 | P33: =IF(AND($N33>='202503'!$E$2,$N33<='202503'!$F$2),'202503'!$G$2,IF(AND($N33>='202503'!$E$3,$N33<='202503'!$F$3),'202503'!$G$3,IF(AND($N33>='202503'!$E$4,$N33<='202503'!$F$4),'202503'!$G$4,IF(AND($N33>='202503'!$E$5,$N33<='202503'!$F$5),'202503'!$G$5,0)))) -> 0
B34: 7629937 | C34: 76299374 | D34: 7629937-4 | E34: DIAZ VARGAS CRISTIAN GONZALO | F34: 3812676 | G34: 3680799 | H34: 6383004 | I34: 3680799 | J34: 3680799 | K34: 6412325 | L34: 27650402 | M34: 6 | N34: 4608400.3 | O34: =IF(AND($N34>='202503'!$E$2,$N34<='202503'!$F$2),'202503'!$I$2,IF(AND($N34>='202503'!$E$3,$N34<='202503'!$F$3),'202503'!$I$3,IF(AND($N34>='202503'!$E$4,$N34<='202503'!$F$4),'202503'!$I$4,IF(AND($N34>='202503'!$E$5,$N34<='202503'!$F$5),'202503'!$I$5,0)))) -> 4 | P34: =IF(AND($N34>='202503'!$E$2,$N34<='202503'!$F$2),'202503'!$G$2,IF(AND($N34>='202503'!$E$3,$N34<='202503'!$F$3),'202503'!$G$3,IF(AND($N34>='202503'!$E$4,$N34<='202503'!$F$4),'202503'!$G$4,IF(AND($N34>='202503'!$E$5,$N34<='202503'!$F$5),'202503'!$G$5,0)))) -> 0
B35: 7632596 | C35: 76325960 | D35: 7632596-0 | E35: SIERRA ESPINOZA RUBEN ELIECER | F35: 3175966 | G35: 3064995 | H35: 5459619 | I35: 3064995 | J35: 3064995 | K35: 5484344 | L35: 23314914 | M35: 6 | N35: 3885819 | O35: =IF(AND($N35>='202503'!$E$2,$N35<='202503'!$F$2),'202503'!$I$2,IF(AND($N35>='202503'!$E$3,$N35<='202503'!$F$3),'202503'!$I$3,IF(AND($N35>='202503'!$E$4,$N35<='202503'!$F$4),'202503'!$I$4,IF(AND($N35>='202503'!$E$5,$N35<='202503'!$F$5),'202503'!$I$5,0)))) -> 4 | P35: =IF(AND($N35>='202503'!$E$2,$N35<='202503'!$F$2),'202503'!$G$2,IF(AND($N35>='202503'!$E$3,$N35<='202503'!$F$3),'202503'!$G$3,IF(AND($N35>='202503'!$E$4,$N35<='202503'!$F$4),'202503'!$G$4,IF(AND($N35>='202503'!$E$5,$N35<='202503'!$F$5),'202503'!$G$5,0)))) -> 0
B36: 7642033 | C36: 76420335 | D36: 7642033-5 | E36: JAUREGUI FERNANDEZ PATRICIO JORGE | F36: 742565 | G36: 702585 | H36: 1410384 | I36: 715554 | J36: 715554 | K36: 1416389 | L36: 5703031 | M36: 6 | N36: 950505.17 | O36: =IF(AND($N36>='202503'!$E$2,$N36<='202503'!$F$2),'202503'!$I$2,IF(AND($N36>='202503'!$E$3,$N36<='202503'!$F$3),'202503'!$I$3,IF(AND($N36>='202503'!$E$4,$N36<='202503'!$F$4),'202503'!$I$4,IF(AND($N36>='202503'!$E$5,$N36<='202503'!$F$5),'202503'!$I$5,0)))) -> 3 | P36: =IF(AND($N36>='202503'!$E$2,$N36<='202503'!$F$2),'202503'!$G$2,IF(AND($N36>='202503'!$E$3,$N36<='202503'!$F$3),'202503'!$G$3,IF(AND($N36>='202503'!$E$4,$N36<='202503'!$F$4),'202503'!$G$4,IF(AND($N36>='202503'!$E$5,$N36<='202503'!$F$5),'202503'!$G$5,0)))) -> 4267
B37: 7662444 | C37: 76624445 | D37: 7662444-5 | E37: DELL AQUILA FUENZALIDA RODRIGO AUGUSTO | F37: 2878209 | G37: 2789699 | H37: 5193652 | I37: 2789699 | J37: 2789699 | K37: 5238125 | L37: 21679083 | M37: 6 | N37: 3613180.5 | O37: =IF(AND($N37>='202503'!$E$2,$N37<='202503'!$F$2),'202503'!$I$2,IF(AND($N37>='202503'!$E$3,$N37<='202503'!$F$3),'202503'!$I$3,IF(AND($N37>='202503'!$E$4,$N37<='202503'!$F$4),'202503'!$I$4,IF(AND($N37>='202503'!$E$5,$N37<='202503'!$F$5),'202503'!$I$5,0)))) -> 4 | P37: =IF(AND($N37>='202503'!$E$2,$N37<='202503'!$F$2),'202503'!$G$2,IF(AND($N37>='202503'!$E$3,$N37<='202503'!$F$3),'202503'!$G$3,IF(AND($N37>='202503'!$E$4,$N37<='202503'!$F$4),'202503'!$G$4,IF(AND($N37>='202503'!$E$5,$N37<='202503'!$F$5),'202503'!$G$5,0)))) -> 0
B38: 7747573 | C38: 77475737 | D38: 7747573-7 | E38: ARAVENA LAMOZA GLORIA PRISCILLA | F38: 953001 | G38: 918607 | H38: 1747252 | I38: 918607 | J38: 918607 | K38: 1754898 | L38: 7210972 | M38: 6 | N38: 1201828.7 | O38: =IF(AND($N38>='202503'!$E$2,$N38<='202503'!$F$2),'202503'!$I$2,IF(AND($N38>='202503'!$E$3,$N38<='202503'!$F$3),'202503'!$I$3,IF(AND($N38>='202503'!$E$4,$N38<='202503'!$F$4),'202503'!$I$4,IF(AND($N38>='202503'!$E$5,$N38<='202503'!$F$5),'202503'!$I$5,0)))) -> 3 | P38: =IF(AND($N38>='202503'!$E$2,$N38<='202503'!$F$2),'202503'!$G$2,IF(AND($N38>='202503'!$E$3,$N38<='202503'!$F$3),'202503'!$G$3,IF(AND($N38>='202503'!$E$4,$N38<='202503'!$F$4),'202503'!$G$4,IF(AND($N38>='202503'!$E$5,$N38<='202503'!$F$5),'202503'!$G$5,0)))) -> 4267
B39: 7772831 | C39: 77728317 | D39: 7772831-7 | E39: MUÑOZ MIRANDA GUILLERMO ANDRES | F39: 2365619 | G39: 2279165 | H39: 4332452 | I39: 2279165 | J39: 2279165 | K39: 4351418 | L39: 17886984 | M39: 6 | N39: 2981164 | O39: =IF(AND($N39>='202503'!$E$2,$N39<='202503'!$F$2),'202503'!$I$2,IF(AND($N39>='202503'!$E$3,$N39<='202503'!$F$3),'202503'!$I$3,IF(AND($N39>='202503'!$E$4,$N39<='202503'!$F$4),'202503'!$I$4,IF(AND($N39>='202503'!$E$5,$N39<='202503'!$F$5),'202503'!$I$5,0)))) -> 4 | P39: =IF(AND($N39>='202503'!$E$2,$N39<='202503'!$F$2),'202503'!$G$2,IF(AND($N39>='202503'!$E$3,$N39<='202503'!$F$3),'202503'!$G$3,IF(AND($N39>='202503'!$E$4,$N39<='202503'!$F$4),'202503'!$G$4,IF(AND($N39>='202503'!$E$5,$N39<='202503'!$F$5),'202503'!$G$5,0)))) -> 0
B40: 7797839 | C40: 77978399 | D40: 7797839-9 | E40: RUIZ ZAMORA AGUSTIN | F40: 2618383 | G40: 2537521 | H40: 4781716 | I40: 2537521 | J40: 2537521 | K40: 4802744 | L40: 19815406 | M40: 6 | N40: 3302567.7 | O40: =IF(AND($N40>='202503'!$E$2,$N40<='202503'!$F$2),'202503'!$I$2,IF(AND($N40>='202503'!$E$3,$N40<='202503'!$F$3),'202503'!$I$3,IF(AND($N40>='202503'!$E$4,$N40<='202503'!$F$4),'202503'!$I$4,IF(AND($N40>='202503'!$E$5,$N40<='202503'!$F$5),'202503'!$I$5,0)))) -> 4 | P40: =IF(AND($N40>='202503'!$E$2,$N40<='202503'!$F$2),'202503'!$G$2,IF(AND($N40>='202503'!$E$3,$N40<='202503'!$F$3),'202503'!$G$3,IF(AND($N40>='202503'!$E$4,$N40<='202503'!$F$4),'202503'!$G$4,IF(AND($N40>='202503'!$E$5,$N40<='202503'!$F$5),'202503'!$G$5,0)))) -> 0
B41: 7857674 | C41: 07857674K | D41: 7857674-K | E41: REYES PINO ALICIA MAGDALENA | F41: 1034841 | G41: 1006549 | H41: 1835737 | I41: 1006549 | J41: 1006549 | K41: 1793139 | L41: 7683364 | M41: 6 | N41: 1280560.7 | O41: =IF(AND($N41>='202503'!$E$2,$N41<='202503'!$F$2),'202503'!$I$2,IF(AND($N41>='202503'!$E$3,$N41<='202503'!$F$3),'202503'!$I$3,IF(AND($N41>='202503'!$E$4,$N41<='202503'!$F$4),'202503'!$I$4,IF(AND($N41>='202503'!$E$5,$N41<='202503'!$F$5),'202503'!$I$5,0)))) -> 3 | P41: =IF(AND($N41>='202503'!$E$2,$N41<='202503'!$F$2),'202503'!$G$2,IF(AND($N41>='202503'!$E$3,$N41<='202503'!$F$3),'202503'!$G$3,IF(AND($N41>='202503'!$E$4,$N41<='202503'!$F$4),'202503'!$G$4,IF(AND($N41>='202503'!$E$5,$N41<='202503'!$F$5),'202503'!$G$5,0)))) -> 4267
B42: 7893104 | C42: 78931043 | D42: 7893104-3 | E42: ESCARATE CHAVEZ HECTOR DOMINGO | F42: 2173326 | G42: 2094944 | H42: 3979076 | I42: 2094944 | J42: 2094944 | K42: 3996503 | L42: 16433737 | M42: 6 | N42: 2738956.2 | O42: =IF(AND($N42>='202503'!$E$2,$N42<='202503'!$F$2),'202503'!$I$2,IF(AND($N42>='202503'!$E$3,$N42<='202503'!$F$3),'202503'!$I$3,IF(AND($N42>='202503'!$E$4,$N42<='202503'!$F$4),'202503'!$I$4,IF(AND($N42>='202503'!$E$5,$N42<='202503'!$F$5),'202503'!$I$5,0)))) -> 4 | P42: =IF(AND($N42>='202503'!$E$2,$N42<='202503'!$F$2),'202503'!$G$2,IF(AND($N42>='202503'!$E$3,$N42<='202503'!$F$3),'202503'!$G$3,IF(AND($N42>='202503'!$E$4,$N42<='202503'!$F$4),'202503'!$G$4,IF(AND($N42>='202503'!$E$5,$N42<='202503'!$F$5),'202503'!$G$5,0)))) -> 0
B43: 7907387 | C43: 79073873 | D43: 7907387-3 | E43: BECERRA CUEVAS FLORA INES | F43: 1167447 | G43: 712877 | H43: 339758 | L43: 2220082 | M43: 3 | N43: 740027.33 | O43: =IF(AND($N43>='202503'!$E$2,$N43<='202503'!$F$2),'202503'!$I$2,IF(AND($N43>='202503'!$E$3,$N43<='202503'!$F$3),'202503'!$I$3,IF(AND($N43>='202503'!$E$4,$N43<='202503'!$F$4),'202503'!$I$4,IF(AND($N43>='202503'!$E$5,$N43<='202503'!$F$5),'202503'!$I$5,0)))) -> 2 | P43: =IF(AND($N43>='202503'!$E$2,$N43<='202503'!$F$2),'202503'!$G$2,IF(AND($N43>='202503'!$E$3,$N43<='202503'!$F$3),'202503'!$G$3,IF(AND($N43>='202503'!$E$4,$N43<='202503'!$F$4),'202503'!$G$4,IF(AND($N43>='202503'!$E$5,$N43<='202503'!$F$5),'202503'!$G$5,0)))) -> 13505
B44: 7930533 | C44: 79305332 | D44: 7930533-2 | E44: RIVAS CHARME MARIA SOLEDAD | F44: 94178 | L44: 94178 | M44: 1 | N44: 94178 | O44: =IF(AND($N44>='202503'!$E$2,$N44<='202503'!$F$2),'202503'!$I$2,IF(AND($N44>='202503'!$E$3,$N44<='202503'!$F$3),'202503'!$I$3,IF(AND($N44>='202503'!$E$4,$N44<='202503'!$F$4),'202503'!$I$4,IF(AND($N44>='202503'!$E$5,$N44<='202503'!$F$5),'202503'!$I$5,0)))) -> 1 | P44: =IF(AND($N44>='202503'!$E$2,$N44<='202503'!$F$2),'202503'!$G$2,IF(AND($N44>='202503'!$E$3,$N44<='202503'!$F$3),'202503'!$G$3,IF(AND($N44>='202503'!$E$4,$N44<='202503'!$F$4),'202503'!$G$4,IF(AND($N44>='202503'!$E$5,$N44<='202503'!$F$5),'202503'!$G$5,0)))) -> 22007
B45: 7967404 | C45: 79674044 | D45: 7967404-4 | E45: MORENO FRIAS JORGE RAMON | F45: 3640576 | G45: 3513514 | H45: 6217486 | I45: 3513514 | J45: 3513514 | K45: 6245740 | L45: 26644344 | M45: 6 | N45: 4440724 | O45: =IF(AND($N45>='202503'!$E$2,$N45<='202503'!$F$2),'202503'!$I$2,IF(AND($N45>='202503'!$E$3,$N45<='202503'!$F$3),'202503'!$I$3,IF(AND($N45>='202503'!$E$4,$N45<='202503'!$F$4),'202503'!$I$4,IF(AND($N45>='202503'!$E$5,$N45<='202503'!$F$5),'202503'!$I$5,0)))) -> 4 | P45: =IF(AND($N45>='202503'!$E$2,$N45<='202503'!$F$2),'202503'!$G$2,IF(AND($N45>='202503'!$E$3,$N45<='202503'!$F$3),'202503'!$G$3,IF(AND($N45>='202503'!$E$4,$N45<='202503'!$F$4),'202503'!$G$4,IF(AND($N45>='202503'!$E$5,$N45<='202503'!$F$5),'202503'!$G$5,0)))) -> 0
B46: 7979402 | C46: 79794023 | D46: 7979402-3 | E46: PINO SANCHEZ FERNANDO DEL TRANSITO | F46: 902001 | G46: 869512 | H46: 1647361 | I46: 869512 | J46: 869512 | K46: 1654586 | L46: 6812484 | M46: 6 | N46: 1135414 | O46: =IF(AND($N46>='202503'!$E$2,$N46<='202503'!$F$2),'202503'!$I$2,IF(AND($N46>='202503'!$E$3,$N46<='202503'!$F$3),'202503'!$I$3,IF(AND($N46>='202503'!$E$4,$N46<='202503'!$F$4),'202503'!$I$4,IF(AND($N46>='202503'!$E$5,$N46<='202503'!$F$5),'202503'!$I$5,0)))) -> 3 | P46: =IF(AND($N46>='202503'!$E$2,$N46<='202503'!$F$2),'202503'!$G$2,IF(AND($N46>='202503'!$E$3,$N46<='202503'!$F$3),'202503'!$G$3,IF(AND($N46>='202503'!$E$4,$N46<='202503'!$F$4),'202503'!$G$4,IF(AND($N46>='202503'!$E$5,$N46<='202503'!$F$5),'202503'!$G$5,0)))) -> 4267
B47: 8016523 | C47: 80165234 | D47: 8016523-4 | E47: RODRIGUEZ CARRASCO ISIDRO | F47: 3175966 | G47: 3064995 | H47: 5459619 | I47: 3064995 | J47: 3064995 | K47: 5484344 | L47: 23314914 | M47: 6 | N47: 3885819 | O47: =IF(AND($N47>='202503'!$E$2,$N47<='202503'!$F$2),'202503'!$I$2,IF(AND($N47>='202503'!$E$3,$N47<='202503'!$F$3),'202503'!$I$3,IF(AND($N47>='202503'!$E$4,$N47<='202503'!$F$4),'202503'!$I$4,IF(AND($N47>='202503'!$E$5,$N47<='202503'!$F$5),'202503'!$I$5,0)))) -> 4 | P47: =IF(AND($N47>='202503'!$E$2,$N47<='202503'!$F$2),'202503'!$G$2,IF(AND($N47>='202503'!$E$3,$N47<='202503'!$F$3),'202503'!$G$3,IF(AND($N47>='202503'!$E$4,$N47<='202503'!$F$4),'202503'!$G$4,IF(AND($N47>='202503'!$E$5,$N47<='202503'!$F$5),'202503'!$G$5,0)))) -> 0
B48: 8016784 | C48: 80167849 | D48: 8016784-9 | E48: CAMPOS FIGUEROA INGRID DEBORA | F48: 2196818 | G48: 2117780 | H48: 4003142 | I48: 2117780 | J48: 2117780 | K48: 4020719 | L48: 16574019 | M48: 6 | N48: 2762336.5 | O48: =IF(AND($N48>='202503'!$E$2,$N48<='202503'!$F$2),'202503'!$I$2,IF(AND($N48>='202503'!$E$3,$N48<='202503'!$F$3),'202503'!$I$3,IF(AND($N48>='202503'!$E$4,$N48<='202503'!$F$4),'202503'!$I$4,IF(AND($N48>='202503'!$E$5,$N48<='202503'!$F$5),'202503'!$I$5,0)))) -> 4 | P48: =IF(AND($N48>='202503'!$E$2,$N48<='202503'!$F$2),'202503'!$G$2,IF(AND($N48>='202503'!$E$3,$N48<='202503'!$F$3),'202503'!$G$3,IF(AND($N48>='202503'!$E$4,$N48<='202503'!$F$4),'202503'!$G$4,IF(AND($N48>='202503'!$E$5,$N48<='202503'!$F$5),'202503'!$G$5,0)))) -> 0
B49: 8032552 | C49: 80325525 | D49: 8032552-5 | E49: VERGARA OSORIO MARIO HERNAN | F49: 1016747 | G49: 980569 | H49: 1809757 | I49: 980569 | J49: 980569 | K49: 1817800 | L49: 7586011 | M49: 6 | N49: 1264335.2 | O49: =IF(AND($N49>='202503'!$E$2,$N49<='202503'!$F$2),'202503'!$I$2,IF(AND($N49>='202503'!$E$3,$N49<='202503'!$F$3),'202503'!$I$3,IF(AND($N49>='202503'!$E$4,$N49<='202503'!$F$4),'202503'!$I$4,IF(AND($N49>='202503'!$E$5,$N49<='202503'!$F$5),'202503'!$I$5,0)))) -> 3 | P49: =IF(AND($N49>='202503'!$E$2,$N49<='202503'!$F$2),'202503'!$G$2,IF(AND($N49>='202503'!$E$3,$N49<='202503'!$F$3),'202503'!$G$3,IF(AND($N49>='202503'!$E$4,$N49<='202503'!$F$4),'202503'!$G$4,IF(AND($N49>='202503'!$E$5,$N49<='202503'!$F$5),'202503'!$G$5,0)))) -> 4267
B50: 8035018 | C50: 08035018K | D50: 8035018-K | E50: FERNANDEZ GONZALEZ LUCY ANDREA | F50: 3597887 | G50: 3473160 | H50: 6042147 | I50: 3473160 | J50: 3473160 | K50: 6069856 | L50: 26129370 | M50: 6 | N50: 4354895 | O50: =IF(AND($N50>='202503'!$E$2,$N50<='202503'!$F$2),'202503'!$I$2,IF(AND($N50>='202503'!$E$3,$N50<='202503'!$F$3),'202503'!$I$3,IF(AND($N50>='202503'!$E$4,$N50<='202503'!$F$4),'202503'!$I$4,IF(AND($N50>='202503'!$E$5,$N50<='202503'!$F$5),'202503'!$I$5,0)))) -> 4 | P50: =IF(AND($N50>='202503'!$E$2,$N50<='202503'!$F$2),'202503'!$G$2,IF(AND($N50>='202503'!$E$3,$N50<='202503'!$F$3),'202503'!$G$3,IF(AND($N50>='202503'!$E$4,$N50<='202503'!$F$4),'202503'!$G$4,IF(AND($N50>='202503'!$E$5,$N50<='202503'!$F$5),'202503'!$G$5,0)))) -> 0
B51: 8049291 | C51: 08049291K | D51: 8049291-K | E51: MUÑOZ MUÑOZ OSCAR FERNANDO | F51: 2106062 | G51: 2032811 | H51: 3596405 | I51: 2032811 | J51: 2032811 | K51: 3612751 | L51: 15413651 | M51: 6 | N51: 2568941.8 | O51: =IF(AND($N51>='202503'!$E$2,$N51<='202503'!$F$2),'202503'!$I$2,IF(AND($N51>='202503'!$E$3,$N51<='202503'!$F$3),'202503'!$I$3,IF(AND($N51>='202503'!$E$4,$N51<='202503'!$F$4),'202503'!$I$4,IF(AND($N51>='202503'!$E$5,$N51<='202503'!$F$5),'202503'!$I$5,0)))) -> 4 | P51: =IF(AND($N51>='202503'!$E$2,$N51<='202503'!$F$2),'202503'!$G$2,IF(AND($N51>='202503'!$E$3,$N51<='202503'!$F$3),'202503'!$G$3,IF(AND($N51>='202503'!$E$4,$N51<='202503'!$F$4),'202503'!$G$4,IF(AND($N51>='202503'!$E$5,$N51<='202503'!$F$5),'202503'!$G$5,0)))) -> 0
B52: 8094886 | C52: 80948867 | D52: 8094886-7 | E52: MENDOZA URIARTE OSCAR EDUARDO | F52: 2931755 | G52: 2931755 | H52: 5505461 | I52: 2931755 | J52: 2931755 | K52: 5534358 | L52: 22766839 | M52: 6 | N52: 3794473.2 | O52: =IF(AND($N52>='202503'!$E$2,$N52<='202503'!$F$2),'202503'!$I$2,IF(AND($N52>='202503'!$E$3,$N52<='202503'!$F$3),'202503'!$I$3,IF(AND($N52>='202503'!$E$4,$N52<='202503'!$F$4),'202503'!$I$4,IF(AND($N52>='202503'!$E$5,$N52<='202503'!$F$5),'202503'!$I$5,0)))) -> 4 | P52: =IF(AND($N52>='202503'!$E$2,$N52<='202503'!$F$2),'202503'!$G$2,IF(AND($N52>='202503'!$E$3,$N52<='202503'!$F$3),'202503'!$G$3,IF(AND($N52>='202503'!$E$4,$N52<='202503'!$F$4),'202503'!$G$4,IF(AND($N52>='202503'!$E$5,$N52<='202503'!$F$5),'202503'!$G$5,0)))) -> 0
B53: 8108848 | C53: 81088489 | D53: 8108848-9 | E53: VERGARA ROMERO TATIANA PAULA | F53: 2013949 | G53: 1941744 | H53: 3641775 | L53: 7597468 | M53: 3 | N53: 2532489.3 | O53: =IF(AND($N53>='202503'!$E$2,$N53<='202503'!$F$2),'202503'!$I$2,IF(AND($N53>='202503'!$E$3,$N53<='202503'!$F$3),'202503'!$I$3,IF(AND($N53>='202503'!$E$4,$N53<='202503'!$F$4),'202503'!$I$4,IF(AND($N53>='202503'!$E$5,$N53<='202503'!$F$5),'202503'!$I$5,0)))) -> 4 | P53: =IF(AND($N53>='202503'!$E$2,$N53<='202503'!$F$2),'202503'!$G$2,IF(AND($N53>='202503'!$E$3,$N53<='202503'!$F$3),'202503'!$G$3,IF(AND($N53>='202503'!$E$4,$N53<='202503'!$F$4),'202503'!$G$4,IF(AND($N53>='202503'!$E$5,$N53<='202503'!$F$5),'202503'!$G$5,0)))) -> 0
B54: 8146717 | C54: 08146717K | D54: 8146717-K | E54: FIGUEROA VELIZ JUAN ANTONIO | F54: 2008578 | G54: 1936253 | H54: 3666404 | I54: 1936253 | J54: 1936253 | K54: 3682490 | L54: 15166231 | M54: 6 | N54: 2527705.2 | O54: =IF(AND($N54>='202503'!$E$2,$N54<='202503'!$F$2),'202503'!$I$2,IF(AND($N54>='202503'!$E$3,$N54<='202503'!$F$3),'202503'!$I$3,IF(AND($N54>='202503'!$E$4,$N54<='202503'!$F$4),'202503'!$I$4,IF(AND($N54>='202503'!$E$5,$N54<='202503'!$F$5),'202503'!$I$5,0)))) -> 4 | P54: =IF(AND($N54>='202503'!$E$2,$N54<='202503'!$F$2),'202503'!$G$2,IF(AND($N54>='202503'!$E$3,$N54<='202503'!$F$3),'202503'!$G$3,IF(AND($N54>='202503'!$E$4,$N54<='202503'!$F$4),'202503'!$G$4,IF(AND($N54>='202503'!$E$5,$N54<='202503'!$F$5),'202503'!$G$5,0)))) -> 0
B55: 8181210 | C55: 81812101 | D55: 8181210-1 | E55: GATICA CARDEMIL XIMENA ADRIANA | F55: 2177225 | G55: 2099045 | H55: 3949841 | I55: 2099045 | J55: 2099045 | K55: 3967225 | L55: 16391426 | M55: 6 | N55: 2731904.3 | O55: =IF(AND($N55>='202503'!$E$2,$N55<='202503'!$F$2),'202503'!$I$2,IF(AND($N55>='202503'!$E$3,$N55<='202503'!$F$3),'202503'!$I$3,IF(AND($N55>='202503'!$E$4,$N55<='202503'!$F$4),'202503'!$I$4,IF(AND($N55>='202503'!$E$5,$N55<='202503'!$F$5),'202503'!$I$5,0)))) -> 4 | P55: =IF(AND($N55>='202503'!$E$2,$N55<='202503'!$F$2),'202503'!$G$2,IF(AND($N55>='202503'!$E$3,$N55<='202503'!$F$3),'202503'!$G$3,IF(AND($N55>='202503'!$E$4,$N55<='202503'!$F$4),'202503'!$G$4,IF(AND($N55>='202503'!$E$5,$N55<='202503'!$F$5),'202503'!$G$5,0)))) -> 0
B56: 8202484 | C56: 82024840 | D56: 8202484-0 | E56: THIEME RIQUELME NETCHEN GEORGINA DE FATIMA | F56: 1180216 | G56: 1138168 | H56: 2106712 | I56: 1138168 | J56: 1138168 | K56: 2116064 | L56: 8817496 | M56: 6 | N56: 1469582.7 | O56: =IF(AND($N56>='202503'!$E$2,$N56<='202503'!$F$2),'202503'!$I$2,IF(AND($N56>='202503'!$E$3,$N56<='202503'!$F$3),'202503'!$I$3,IF(AND($N56>='202503'!$E$4,$N56<='202503'!$F$4),'202503'!$I$4,IF(AND($N56>='202503'!$E$5,$N56<='202503'!$F$5),'202503'!$I$5,0)))) -> 4 | P56: =IF(AND($N56>='202503'!$E$2,$N56<='202503'!$F$2),'202503'!$G$2,IF(AND($N56>='202503'!$E$3,$N56<='202503'!$F$3),'202503'!$G$3,IF(AND($N56>='202503'!$E$4,$N56<='202503'!$F$4),'202503'!$G$4,IF(AND($N56>='202503'!$E$5,$N56<='202503'!$F$5),'202503'!$G$5,0)))) -> 0
B57: 8209446 | C57: 82094466 | D57: 8209446-6 | E57: MOLINA MIRANDA ELENA ADRIANA | F57: 1642443 | G57: 1582880 | H57: 3228804 | I57: 1724492 | J57: 1724492 | K57: 3332128 | L57: 13235239 | M57: 6 | N57: 2205873.2 | O57: =IF(AND($N57>='202503'!$E$2,$N57<='202503'!$F$2),'202503'!$I$2,IF(AND($N57>='202503'!$E$3,$N57<='202503'!$F$3),'202503'!$I$3,IF(AND($N57>='202503'!$E$4,$N57<='202503'!$F$4),'202503'!$I$4,IF(AND($N57>='202503'!$E$5,$N57<='202503'!$F$5),'202503'!$I$5,0)))) -> 4 | P57: =IF(AND($N57>='202503'!$E$2,$N57<='202503'!$F$2),'202503'!$G$2,IF(AND($N57>='202503'!$E$3,$N57<='202503'!$F$3),'202503'!$G$3,IF(AND($N57>='202503'!$E$4,$N57<='202503'!$F$4),'202503'!$G$4,IF(AND($N57>='202503'!$E$5,$N57<='202503'!$F$5),'202503'!$G$5,0)))) -> 0
B58: 8233151 | C58: 82331514 | D58: 8233151-4 | E58: CAMPOS BERKHOFF DANIELA ANDREA | F58: 3579507 | G58: 3455295 | H58: 6036939 | I58: 3455295 | J58: 3455295 | K58: 6064560 | L58: 26046891 | M58: 6 | N58: 4341148.5 | O58: =IF(AND($N58>='202503'!$E$2,$N58<='202503'!$F$2),'202503'!$I$2,IF(AND($N58>='202503'!$E$3,$N58<='202503'!$F$3),'202503'!$I$3,IF(AND($N58>='202503'!$E$4,$N58<='202503'!$F$4),'202503'!$I$4,IF(AND($N58>='202503'!$E$5,$N58<='202503'!$F$5),'202503'!$I$5,0)))) -> 4 | P58: =IF(AND($N58>='202503'!$E$2,$N58<='202503'!$F$2),'202503'!$G$2,IF(AND($N58>='202503'!$E$3,$N58<='202503'!$F$3),'202503'!$G$3,IF(AND($N58>='202503'!$E$4,$N58<='202503'!$F$4),'202503'!$G$4,IF(AND($N58>='202503'!$E$5,$N58<='202503'!$F$5),'202503'!$G$5,0)))) -> 0
B59: 8233292 | C59: 82332928 | D59: 8233292-8 | E59: GARCIA OYANEDEL MARIA FLORENCIA | F59: 2099901 | G59: 2242174 | H59: 4227018 | I59: 2242174 | J59: 2242174 | K59: 4216012 | L59: 17269453 | M59: 6 | N59: 2878242.2 | O59: =IF(AND($N59>='202503'!$E$2,$N59<='202503'!$F$2),'202503'!$I$2,IF(AND($N59>='202503'!$E$3,$N59<='202503'!$F$3),'202503'!$I$3,IF(AND($N59>='202503'!$E$4,$N59<='202503'!$F$4),'202503'!$I$4,IF(AND($N59>='202503'!$E$5,$N59<='202503'!$F$5),'202503'!$I$5,0)))) -> 4 | P59: =IF(AND($N59>='202503'!$E$2,$N59<='202503'!$F$2),'202503'!$G$2,IF(AND($N59>='202503'!$E$3,$N59<='202503'!$F$3),'202503'!$G$3,IF(AND($N59>='202503'!$E$4,$N59<='202503'!$F$4),'202503'!$G$4,IF(AND($N59>='202503'!$E$5,$N59<='202503'!$F$5),'202503'!$G$5,0)))) -> 0
B60: 8257661 | C60: 82576614 | D60: 8257661-4 | E60: IRIBARREN TRUJILLO AGUSTIN EDUARDO | F60: 2016037 | G60: 1943774 | H60: 3644918 | I60: 1943774 | J60: 1943774 | K60: 3660986 | L60: 15153263 | M60: 6 | N60: 2525543.8 | O60: =IF(AND($N60>='202503'!$E$2,$N60<='202503'!$F$2),'202503'!$I$2,IF(AND($N60>='202503'!$E$3,$N60<='202503'!$F$3),'202503'!$I$3,IF(AND($N60>='202503'!$E$4,$N60<='202503'!$F$4),'202503'!$I$4,IF(AND($N60>='202503'!$E$5,$N60<='202503'!$F$5),'202503'!$I$5,0)))) -> 4 | P60: =IF(AND($N60>='202503'!$E$2,$N60<='202503'!$F$2),'202503'!$G$2,IF(AND($N60>='202503'!$E$3,$N60<='202503'!$F$3),'202503'!$G$3,IF(AND($N60>='202503'!$E$4,$N60<='202503'!$F$4),'202503'!$G$4,IF(AND($N60>='202503'!$E$5,$N60<='202503'!$F$5),'202503'!$G$5,0)))) -> 0
B61: 8272286 | C61: 82722866 | D61: 8272286-6 | E61: COFRE VALENZUELA ALBERTO ANICETO JORGE | F61: 1497257 | G61: 1451561 | H61: 2759921 | I61: 1451561 | J61: 1451561 | K61: 2772000 | L61: 11383861 | M61: 6 | N61: 1897310.2 | O61: =IF(AND($N61>='202503'!$E$2,$N61<='202503'!$F$2),'202503'!$I$2,IF(AND($N61>='202503'!$E$3,$N61<='202503'!$F$3),'202503'!$I$3,IF(AND($N61>='202503'!$E$4,$N61<='202503'!$F$4),'202503'!$I$4,IF(AND($N61>='202503'!$E$5,$N61<='202503'!$F$5),'202503'!$I$5,0)))) -> 4 | P61: =IF(AND($N61>='202503'!$E$2,$N61<='202503'!$F$2),'202503'!$G$2,IF(AND($N61>='202503'!$E$3,$N61<='202503'!$F$3),'202503'!$G$3,IF(AND($N61>='202503'!$E$4,$N61<='202503'!$F$4),'202503'!$G$4,IF(AND($N61>='202503'!$E$5,$N61<='202503'!$F$5),'202503'!$G$5,0)))) -> 0
B62: 8283728 | C62: 82837280 | D62: 8283728-0 | E62: LEMUS MORENO JASMIN KARINA | F62: 3175966 | G62: 3064995 | H62: 5459619 | I62: 3064995 | J62: 3064995 | K62: 5484344 | L62: 23314914 | M62: 6 | N62: 3885819 | O62: =IF(AND($N62>='202503'!$E$2,$N62<='202503'!$F$2),'202503'!$I$2,IF(AND($N62>='202503'!$E$3,$N62<='202503'!$F$3),'202503'!$I$3,IF(AND($N62>='202503'!$E$4,$N62<='202503'!$F$4),'202503'!$I$4,IF(AND($N62>='202503'!$E$5,$N62<='202503'!$F$5),'202503'!$I$5,0)))) -> 4 | P62: =IF(AND($N62>='202503'!$E$2,$N62<='202503'!$F$2),'202503'!$G$2,IF(AND($N62>='202503'!$E$3,$N62<='202503'!$F$3),'202503'!$G$3,IF(AND($N62>='202503'!$E$4,$N62<='202503'!$F$4),'202503'!$G$4,IF(AND($N62>='202503'!$E$5,$N62<='202503'!$F$5),'202503'!$G$5,0)))) -> 0
B63: 8311604 | C63: 83116048 | D63: 8311604-8 | E63: MORALES ALVEAR SYLVIA | F63: 875970 | G63: 844210 | H63: 1622059 | I63: 844210 | J63: 844210 | K63: 1629122 | L63: 6659781 | M63: 6 | N63: 1109963.5 | O63: =IF(AND($N63>='202503'!$E$2,$N63<='202503'!$F$2),'202503'!$I$2,IF(AND($N63>='202503'!$E$3,$N63<='202503'!$F$3),'202503'!$I$3,IF(AND($N63>='202503'!$E$4,$N63<='202503'!$F$4),'202503'!$I$4,IF(AND($N63>='202503'!$E$5,$N63<='202503'!$F$5),'202503'!$I$5,0)))) -> 3 | P63: =IF(AND($N63>='202503'!$E$2,$N63<='202503'!$F$2),'202503'!$G$2,IF(AND($N63>='202503'!$E$3,$N63<='202503'!$F$3),'202503'!$G$3,IF(AND($N63>='202503'!$E$4,$N63<='202503'!$F$4),'202503'!$G$4,IF(AND($N63>='202503'!$E$5,$N63<='202503'!$F$5),'202503'!$G$5,0)))) -> 4267
B64: 8314913 | C64: 83149132 | D64: 8314913-2 | E64: ORELLANA VERA JAVIER MOISES | F64: 1652266 | G64: 1590657 | H64: 3263926 | I64: 1590657 | J64: 1590657 | K64: 3256058 | L64: 12944221 | M64: 6 | N64: 2157370.2 | O64: =IF(AND($N64>='202503'!$E$2,$N64<='202503'!$F$2),'202503'!$I$2,IF(AND($N64>='202503'!$E$3,$N64<='202503'!$F$3),'202503'!$I$3,IF(AND($N64>='202503'!$E$4,$N64<='202503'!$F$4),'202503'!$I$4,IF(AND($N64>='202503'!$E$5,$N64<='202503'!$F$5),'202503'!$I$5,0)))) -> 4 | P64: =IF(AND($N64>='202503'!$E$2,$N64<='202503'!$F$2),'202503'!$G$2,IF(AND($N64>='202503'!$E$3,$N64<='202503'!$F$3),'202503'!$G$3,IF(AND($N64>='202503'!$E$4,$N64<='202503'!$F$4),'202503'!$G$4,IF(AND($N64>='202503'!$E$5,$N64<='202503'!$F$5),'202503'!$G$5,0)))) -> 0
B65: 8318021 | C65: 83180218 | D65: 8318021-8 | E65: LARRAIN MONTECINO ALICIA ANTONIETA | F65: 2374547 | G65: 2292217 | H65: 3996189 | I65: 2292217 | J65: 2292217 | K65: 4014495 | L65: 17261882 | M65: 6 | N65: 2876980.3 | O65: =IF(AND($N65>='202503'!$E$2,$N65<='202503'!$F$2),'202503'!$I$2,IF(AND($N65>='202503'!$E$3,$N65<='202503'!$F$3),'202503'!$I$3,IF(AND($N65>='202503'!$E$4,$N65<='202503'!$F$4),'202503'!$I$4,IF(AND($N65>='202503'!$E$5,$N65<='202503'!$F$5),'202503'!$I$5,0)))) -> 4 | P65: =IF(AND($N65>='202503'!$E$2,$N65<='202503'!$F$2),'202503'!$G$2,IF(AND($N65>='202503'!$E$3,$N65<='202503'!$F$3),'202503'!$G$3,IF(AND($N65>='202503'!$E$4,$N65<='202503'!$F$4),'202503'!$G$4,IF(AND($N65>='202503'!$E$5,$N65<='202503'!$F$5),'202503'!$G$5,0)))) -> 0
B66: 8370491 | C66: 83704918 | D66: 8370491-8 | E66: ESPINOZA GRAU CAROLINA MARIA | F66: 3044559 | G66: 2936014 | H66: 5447815 | I66: 2936014 | J66: 2936014 | K66: 5496407 | L66: 22796823 | M66: 6 | N66: 3799470.5 | O66: =IF(AND($N66>='202503'!$E$2,$N66<='202503'!$F$2),'202503'!$I$2,IF(AND($N66>='202503'!$E$3,$N66<='202503'!$F$3),'202503'!$I$3,IF(AND($N66>='202503'!$E$4,$N66<='202503'!$F$4),'202503'!$I$4,IF(AND($N66>='202503'!$E$5,$N66<='202503'!$F$5),'202503'!$I$5,0)))) -> 4 | P66: =IF(AND($N66>='202503'!$E$2,$N66<='202503'!$F$2),'202503'!$G$2,IF(AND($N66>='202503'!$E$3,$N66<='202503'!$F$3),'202503'!$G$3,IF(AND($N66>='202503'!$E$4,$N66<='202503'!$F$4),'202503'!$G$4,IF(AND($N66>='202503'!$E$5,$N66<='202503'!$F$5),'202503'!$G$5,0)))) -> 0
... B72: 8493881 | C72: 84938815 | D72: 8493881-5 | E72: PINOCHET RODRIGUEZ RAMON EDUARDO | F72: 1839044 | G72: 1773066 | H72: 3331296 | I72: 1773066 | J72: 1773066 | K72: 3345968 | L72: 13835506 | M72: 6 | N72: 2305917.7 | O72: =IF(AND($N72>='202503'!$E$2,$N72<='202503'!$F$2),'202503'!$I$2,IF(AND($N72>='202503'!$E$3,$N72<='202503'!$F$3),'202503'!$I$3,IF(AND($N72>='202503'!$E$4,$N72<='202503'!$F$4),'202503'!$I$4,IF(AND($N72>='202503'!$E$5,$N72<='202503'!$F$5),'202503'!$I$5,0)))) -> 4 | P72: =IF(AND($N72>='202503'!$E$2,$N72<='202503'!$F$2),'202503'!$G$2,IF(AND($N72>='202503'!$E$3,$N72<='202503'!$F$3),'202503'!$G$3,IF(AND($N72>='202503'!$E$4,$N72<='202503'!$F$4),'202503'!$G$4,IF(AND($N72>='202503'!$E$5,$N72<='202503'!$F$5),'202503'!$G$5,0)))) -> 0
B73: 8501790 | C73: 08501790K | D73: 8501790-K | E73: MARTINEZ DIAZ PATRICIA ZITA | F73: 2258586 | G73: 2175884 | H73: 4271525 | I73: 2175884 | J73: 2175884 | K73: 4289920 | L73: 17347683 | M73: 6 | N73: 2891280.5 | O73: =IF(AND($N73>='202503'!$E$2,$N73<='202503'!$F$2),'202503'!$I$2,IF(AND($N73>='202503'!$E$3,$N73<='202503'!$F$3),'202503'!$I$3,IF(AND($N73>='202503'!$E$4,$N73<='202503'!$F$4),'202503'!$I$4,IF(AND($N73>='202503'!$E$5,$N73<='202503'!$F$5),'202503'!$I$5,0)))) -> 4 | P73: =IF(AND($N73>='202503'!$E$2,$N73<='202503'!$F$2),'202503'!$G$2,IF(AND($N73>='202503'!$E$3,$N73<='202503'!$F$3),'202503'!$G$3,IF(AND($N73>='202503'!$E$4,$N73<='202503'!$F$4),'202503'!$G$4,IF(AND($N73>='202503'!$E$5,$N73<='202503'!$F$5),'202503'!$G$5,0)))) -> 0
B74: 8525906 | C74: 85259067 | D74: 8525906-7 | E74: SUBIABRE VIDAL ALEJANDRA ARACELI | F74: 1377001 | G74: 1325327 | H74: 2738339 | I74: 1334390 | J74: 1334390 | K74: 2758954 | L74: 10868401 | M74: 6 | N74: 1811400.2 | O74: =IF(AND($N74>='202503'!$E$2,$N74<='202503'!$F$2),'202503'!$I$2,IF(AND($N74>='202503'!$E$3,$N74<='202503'!$F$3),'202503'!$I$3,IF(AND($N74>='202503'!$E$4,$N74<='202503'!$F$4),'202503'!$I$4,IF(AND($N74>='202503'!$E$5,$N74<='202503'!$F$5),'202503'!$I$5,0)))) -> 4 | P74: =IF(AND($N74>='202503'!$E$2,$N74<='202503'!$F$2),'202503'!$G$2,IF(AND($N74>='202503'!$E$3,$N74<='202503'!$F$3),'202503'!$G$3,IF(AND($N74>='202503'!$E$4,$N74<='202503'!$F$4),'202503'!$G$4,IF(AND($N74>='202503'!$E$5,$N74<='202503'!$F$5),'202503'!$G$5,0)))) -> 0
B75: 8527420 | C75: 85274201 | D75: 8527420-1 | E75: VALENZUELA DONOSO EDUARDO ENRIQUE | F75: 1079198 | G75: 1039976 | H75: 2008520 | I75: 1039976 | J75: 1050548 | K75: 2027882 | L75: 8246100 | M75: 6 | N75: 1374350 | O75: =IF(AND($N75>='202503'!$E$2,$N75<='202503'!$F$2),'202503'!$I$2,IF(AND($N75>='202503'!$E$3,$N75<='202503'!$F$3),'202503'!$I$3,IF(AND($N75>='202503'!$E$4,$N75<='202503'!$F$4),'202503'!$I$4,IF(AND($N75>='202503'!$E$5,$N75<='202503'!$F$5),'202503'!$I$5,0)))) -> 3 | P75: =IF(AND($N75>='202503'!$E$2,$N75<='202503'!$F$2),'202503'!$G$2,IF(AND($N75>='202503'!$E$3,$N75<='202503'!$F$3),'202503'!$G$3,IF(AND($N75>='202503'!$E$4,$N75<='202503'!$F$4),'202503'!$G$4,IF(AND($N75>='202503'!$E$5,$N75<='202503'!$F$5),'202503'!$G$5,0)))) -> 4267
B76: 8539202 | C76: 85392026 | D76: 8539202-6 | E76: QUINTANILLA FARIAS CAROLA MARLENE | F76: 1133580 | G76: 1092836 | H76: 2061380 | I76: 1092836 | J76: 1092836 | K76: 2070441 | L76: 8543909 | M76: 6 | N76: 1423984.8 | O76: =IF(AND($N76>='202503'!$E$2,$N76<='202503'!$F$2),'202503'!$I$2,IF(AND($N76>='202503'!$E$3,$N76<='202503'!$F$3),'202503'!$I$3,IF(AND($N76>='202503'!$E$4,$N76<='202503'!$F$4),'202503'!$I$4,IF(AND($N76>='202503'!$E$5,$N76<='202503'!$F$5),'202503'!$I$5,0)))) -> 4 | P76: =IF(AND($N76>='202503'!$E$2,$N76<='202503'!$F$2),'202503'!$G$2,IF(AND($N76>='202503'!$E$3,$N76<='202503'!$F$3),'202503'!$G$3,IF(AND($N76>='202503'!$E$4,$N76<='202503'!$F$4),'202503'!$G$4,IF(AND($N76>='202503'!$E$5,$N76<='202503'!$F$5),'202503'!$G$5,0)))) -> 0
B77: 8544080 | C77: 85440802 | D77: 8544080-2 | E77: GONZALEZ CONTRERAS JUAN PATRICIO | F77: 3018256 | G77: 2911616 | H77: 5307776 | I77: 2930203 | J77: 2930203 | K77: 5363218 | L77: 22461272 | M77: 6 | N77: 3743545.3 | O77: =IF(AND($N77>='202503'!$E$2,$N77<='202503'!$F$2),'202503'!$I$2,IF(AND($N77>='202503'!$E$3,$N77<='202503'!$F$3),'202503'!$I$3,IF(AND($N77>='202503'!$E$4,$N77<='202503'!$F$4),'202503'!$I$4,IF(AND($N77>='202503'!$E$5,$N77<='202503'!$F$5),'202503'!$I$5,0)))) -> 4 | P77: =IF(AND($N77>='202503'!$E$2,$N77<='202503'!$F$2),'202503'!$G$2,IF(AND($N77>='202503'!$E$3,$N77<='202503'!$F$3),'202503'!$G$3,IF(AND($N77>='202503'!$E$4,$N77<='202503'!$F$4),'202503'!$G$4,IF(AND($N77>='202503'!$E$5,$N77<='202503'!$F$5),'202503'!$G$5,0)))) -> 0
B78: 8545866 | C78: 85458663 | D78: 8545866-3 | E78: CORTES SALAS VERONICA ISABEL | F78: 3908287 | G78: 3773735 | H78: 6477707 | I78: 3773735 | J78: 3773735 | K78: 6507626 | L78: 28214825 | M78: 6 | N78: 4702470.8 | O78: =IF(AND($N78>='202503'!$E$2,$N78<='202503'!$F$2),'202503'!$I$2,IF(AND($N78>='202503'!$E$3,$N78<='202503'!$F$3),'202503'!$I$3,IF(AND($N78>='202503'!$E$4,$N78<='202503'!$F$4),'202503'!$I$4,IF(AND($N78>='202503'!$E$5,$N78<='202503'!$F$5),'202503'!$I$5,0)))) -> 4 | P78: =IF(AND($N78>='202503'!$E$2,$N78<='202503'!$F$2),'202503'!$G$2,IF(AND($N78>='202503'!$E$3,$N78<='202503'!$F$3),'202503'!$G$3,IF(AND($N78>='202503'!$E$4,$N78<='202503'!$F$4),'202503'!$G$4,IF(AND($N78>='202503'!$E$5,$N78<='202503'!$F$5),'202503'!$G$5,0)))) -> 0
B79: 8553645 | C79: 85536451 | D79: 8553645-1 | E79: VARGAS OYARZUN CRISTIAN RICARDO | F79: 1464686 | G79: 1410132 | H79: 2868960 | I79: 1410132 | J79: 1410132 | K79: 2881098 | L79: 11445140 | M79: 6 | N79: 1907523.3 | O79: =IF(AND($N79>='202503'!$E$2,$N79<='202503'!$F$2),'202503'!$I$2,IF(AND($N79>='202503'!$E$3,$N79<='202503'!$F$3),'202503'!$I$3,IF(AND($N79>='202503'!$E$4,$N79<='202503'!$F$4),'202503'!$I$4,IF(AND($N79>='202503'!$E$5,$N79<='202503'!$F$5),'202503'!$I$5,0)))) -> 4 | P79: =IF(AND($N79>='202503'!$E$2,$N79<='202503'!$F$2),'202503'!$G$2,IF(AND($N79>='202503'!$E$3,$N79<='202503'!$F$3),'202503'!$G$3,IF(AND($N79>='202503'!$E$4,$N79<='202503'!$F$4),'202503'!$G$4,IF(AND($N79>='202503'!$E$5,$N79<='202503'!$F$5),'202503'!$G$5,0)))) -> 0
B80: 8604058 | C80: 86040581 | D80: 8604058-1 | E80: FOIX CID YOLANDA INES | F80: 2153100 | G80: 2076733 | H80: 3806884 | I80: 2076733 | J80: 2076733 | K80: 3823870 | L80: 16014053 | M80: 6 | N80: 2669008.8 | O80: =IF(AND($N80>='202503'!$E$2,$N80<='202503'!$F$2),'202503'!$I$2,IF(AND($N80>='202503'!$E$3,$N80<='202503'!$F$3),'202503'!$I$3,IF(AND($N80>='202503'!$E$4,$N80<='202503'!$F$4),'202503'!$I$4,IF(AND($N80>='202503'!$E$5,$N80<='202503'!$F$5),'202503'!$I$5,0)))) -> 4 | P80: =IF(AND($N80>='202503'!$E$2,$N80<='202503'!$F$2),'202503'!$G$2,IF(AND($N80>='202503'!$E$3,$N80<='202503'!$F$3),'202503'!$G$3,IF(AND($N80>='202503'!$E$4,$N80<='202503'!$F$4),'202503'!$G$4,IF(AND($N80>='202503'!$E$5,$N80<='202503'!$F$5),'202503'!$G$5,0)))) -> 0
B81: 8613716 | C81: 08613716K | D81: 8613716-K | E81: MONSALVE MARTINEZ WASHINGTON ANICETO | F81: 2834075 | G81: 2746550 | H81: 5177039 | L81: 10757664 | M81: 3 | N81: 3585888 | O81: =IF(AND($N81>='202503'!$E$2,$N81<='202503'!$F$2),'202503'!$I$2,IF(AND($N81>='202503'!$E$3,$N81<='202503'!$F$3),'202503'!$I$3,IF(AND($N81>='202503'!$E$4,$N81<='202503'!$F$4),'202503'!$I$4,IF(AND($N81>='202503'!$E$5,$N81<='202503'!$F$5),'202503'!$I$5,0)))) -> 4 | P81: =IF(AND($N81>='202503'!$E$2,$N81<='202503'!$F$2),'202503'!$G$2,IF(AND($N81>='202503'!$E$3,$N81<='202503'!$F$3),'202503'!$G$3,IF(AND($N81>='202503'!$E$4,$N81<='202503'!$F$4),'202503'!$G$4,IF(AND($N81>='202503'!$E$5,$N81<='202503'!$F$5),'202503'!$G$5,0)))) -> 0
B82: 8617688 | C82: 86176882 | D82: 8617688-2 | E82: ROJAS DURAN PABLO FERNANDO | F82: 5333042 | G82: 5177252 | H82: 7901978 | I82: 5184170 | J82: 5184170 | K82: 7927089 | L82: 36707701 | M82: 6 | N82: 6117950.2 | O82: =IF(AND($N82>='202503'!$E$2,$N82<='202503'!$F$2),'202503'!$I$2,IF(AND($N82>='202503'!$E$3,$N82<='202503'!$F$3),'202503'!$I$3,IF(AND($N82>='202503'!$E$4,$N82<='202503'!$F$4),'202503'!$I$4,IF(AND($N82>='202503'!$E$5,$N82<='202503'!$F$5),'202503'!$I$5,0)))) -> 4 | P82: =IF(AND($N82>='202503'!$E$2,$N82<='202503'!$F$2),'202503'!$G$2,IF(AND($N82>='202503'!$E$3,$N82<='202503'!$F$3),'202503'!$G$3,IF(AND($N82>='202503'!$E$4,$N82<='202503'!$F$4),'202503'!$G$4,IF(AND($N82>='202503'!$E$5,$N82<='202503'!$F$5),'202503'!$G$5,0)))) -> 0
B83: 8636389 | C83: 86363895 | D83: 8636389-5 | E83: PEÑA GONZALEZ ESTER ADELA | F83: 769323 | G83: 741202 | H83: 1449001 | I83: 741202 | J83: 741202 | K83: 1455255 | L83: 5897185 | M83: 6 | N83: 982864.17 | O83: =IF(AND($N83>='202503'!$E$2,$N83<='202503'!$F$2),'202503'!$I$2,IF(AND($N83>='202503'!$E$3,$N83<='202503'!$F$3),'202503'!$I$3,IF(AND($N83>='202503'!$E$4,$N83<='202503'!$F$4),'202503'!$I$4,IF(AND($N83>='202503'!$E$5,$N83<='202503'!$F$5),'202503'!$I$5,0)))) -> 3 | P83: =IF(AND($N83>='202503'!$E$2,$N83<='202503'!$F$2),'202503'!$G$2,IF(AND($N83>='202503'!$E$3,$N83<='202503'!$F$3),'202503'!$G$3,IF(AND($N83>='202503'!$E$4,$N83<='202503'!$F$4),'202503'!$G$4,IF(AND($N83>='202503'!$E$5,$N83<='202503'!$F$5),'202503'!$G$5,0)))) -> 4267
B84: 8657889 | C84: 86578891 | D84: 8657889-1 | E84: NAVARRO IBARRA PABLO ANDRES | F84: 2389845 | G84: 2303827 | H84: 4358455 | I84: 2303827 | J84: 2303827 | K84: 4377582 | L84: 18037363 | M84: 6 | N84: 3006227.2 | O84: =IF(AND($N84>='202503'!$E$2,$N84<='202503'!$F$2),'202503'!$I$2,IF(AND($N84>='202503'!$E$3,$N84<='202503'!$F$3),'202503'!$I$3,IF(AND($N84>='202503'!$E$4,$N84<='202503'!$F$4),'202503'!$I$4,IF(AND($N84>='202503'!$E$5,$N84<='202503'!$F$5),'202503'!$I$5,0)))) -> 4 | P84: =IF(AND($N84>='202503'!$E$2,$N84<='202503'!$F$2),'202503'!$G$2,IF(AND($N84>='202503'!$E$3,$N84<='202503'!$F$3),'202503'!$G$3,IF(AND($N84>='202503'!$E$4,$N84<='202503'!$F$4),'202503'!$G$4,IF(AND($N84>='202503'!$E$5,$N84<='202503'!$F$5),'202503'!$G$5,0)))) -> 0
B85: 8661866 | C85: 86618664 | D85: 8661866-4 | E85: VARELA ZUÑIGA MARCELO ARTURO | F85: 2427874 | G85: 2340818 | H85: 4406435 | I85: 2353148 | J85: 2353148 | K85: 4425874 | L85: 18307297 | M85: 6 | N85: 3051216.2 | O85: =IF(AND($N85>='202503'!$E$2,$N85<='202503'!$F$2),'202503'!$I$2,IF(AND($N85>='202503'!$E$3,$N85<='202503'!$F$3),'202503'!$I$3,IF(AND($N85>='202503'!$E$4,$N85<='202503'!$F$4),'202503'!$I$4,IF(AND($N85>='202503'!$E$5,$N85<='202503'!$F$5),'202503'!$I$5,0)))) -> 4 | P85: =IF(AND($N85>='202503'!$E$2,$N85<='202503'!$F$2),'202503'!$G$2,IF(AND($N85>='202503'!$E$3,$N85<='202503'!$F$3),'202503'!$G$3,IF(AND($N85>='202503'!$E$4,$N85<='202503'!$F$4),'202503'!$G$4,IF(AND($N85>='202503'!$E$5,$N85<='202503'!$F$5),'202503'!$G$5,0)))) -> 0
B86: 8687900 | C86: 08687900K | D86: 8687900-K | E86: MOSSO ZEPEDA LEONARDO ANGELO | F86: 2804651 | G86: 2717786 | H86: 5161781 | I86: 2717786 | J86: 2717786 | K86: 5186678 | L86: 21306468 | M86: 6 | N86: 3551078 | O86: =IF(AND($N86>='202503'!$E$2,$N86<='202503'!$F$2),'202503'!$I$2,IF(AND($N86>='202503'!$E$3,$N86<='202503'!$F$3),'202503'!$I$3,IF(AND($N86>='202503'!$E$4,$N86<='202503'!$F$4),'202503'!$I$4,IF(AND($N86>='202503'!$E$5,$N86<='202503'!$F$5),'202503'!$I$5,0)))) -> 4 | P86: =IF(AND($N86>='202503'!$E$2,$N86<='202503'!$F$2),'202503'!$G$2,IF(AND($N86>='202503'!$E$3,$N86<='202503'!$F$3),'202503'!$G$3,IF(AND($N86>='202503'!$E$4,$N86<='202503'!$F$4),'202503'!$G$4,IF(AND($N86>='202503'!$E$5,$N86<='202503'!$F$5),'202503'!$G$5,0)))) -> 0
B87: 8689323 | C87: 86893231 | D87: 8689323-1 | E87: HENRIQUEZ CONTRERAS VIVIANA PAOLA | F87: 967795 | G87: 932544 | H87: 1809417 | I87: 932544 | J87: 932544 | K87: 1817255 | L87: 7392099 | M87: 6 | N87: 1232016.5 | O87: =IF(AND($N87>='202503'!$E$2,$N87<='202503'!$F$2),'202503'!$I$2,IF(AND($N87>='202503'!$E$3,$N87<='202503'!$F$3),'202503'!$I$3,IF(AND($N87>='202503'!$E$4,$N87<='202503'!$F$4),'202503'!$I$4,IF(AND($N87>='202503'!$E$5,$N87<='202503'!$F$5),'202503'!$I$5,0)))) -> 3 | P87: =IF(AND($N87>='202503'!$E$2,$N87<='202503'!$F$2),'202503'!$G$2,IF(AND($N87>='202503'!$E$3,$N87<='202503'!$F$3),'202503'!$G$3,IF(AND($N87>='202503'!$E$4,$N87<='202503'!$F$4),'202503'!$G$4,IF(AND($N87>='202503'!$E$5,$N87<='202503'!$F$5),'202503'!$G$5,0)))) -> 4267
B88: 8710097 | C88: 87100979 | D88: 8710097-9 | E88: ZARATE GONZALEZ MIGUEL ANGEL | F88: 3175966 | G88: 3064995 | H88: 5459619 | I88: 3064995 | J88: 3064995 | L88: 17830570 | M88: 5 | N88: 3566114 | O88: =IF(AND($N88>='202503'!$E$2,$N88<='202503'!$F$2),'202503'!$I$2,IF(AND($N88>='202503'!$E$3,$N88<='202503'!$F$3),'202503'!$I$3,IF(AND($N88>='202503'!$E$4,$N88<='202503'!$F$4),'202503'!$I$4,IF(AND($N88>='202503'!$E$5,$N88<='202503'!$F$5),'202503'!$I$5,0)))) -> 4 | P88: =IF(AND($N88>='202503'!$E$2,$N88<='202503'!$F$2),'202503'!$G$2,IF(AND($N88>='202503'!$E$3,$N88<='202503'!$F$3),'202503'!$G$3,IF(AND($N88>='202503'!$E$4,$N88<='202503'!$F$4),'202503'!$G$4,IF(AND($N88>='202503'!$E$5,$N88<='202503'!$F$5),'202503'!$G$5,0)))) -> 0
B89: 8762478 | C89: 87624781 | D89: 8762478-1 | E89: ALVEAR AVENDAÑO RODRIGO | K89: 1861779 | L89: 1861779 | M89: 1 | N89: 1861779 | O89: =IF(AND($N89>='202503'!$E$2,$N89<='202503'!$F$2),'202503'!$I$2,IF(AND($N89>='202503'!$E$3,$N89<='202503'!$F$3),'202503'!$I$3,IF(AND($N89>='202503'!$E$4,$N89<='202503'!$F$4),'202503'!$I$4,IF(AND($N89>='202503'!$E$5,$N89<='202503'!$F$5),'202503'!$I$5,0)))) -> 4 | P89: =IF(AND($N89>='202503'!$E$2,$N89<='202503'!$F$2),'202503'!$G$2,IF(AND($N89>='202503'!$E$3,$N89<='202503'!$F$3),'202503'!$G$3,IF(AND($N89>='202503'!$E$4,$N89<='202503'!$F$4),'202503'!$G$4,IF(AND($N89>='202503'!$E$5,$N89<='202503'!$F$5),'202503'!$G$5,0)))) -> 0
B90: 8792255 | C90: 87922553 | D90: 8792255-3 | E90: ZUÑIGA RODRIGUEZ CONRADO | F90: 2374547 | G90: 2292217 | H90: 3995075 | I90: 2292217 | J90: 2292217 | K90: 4013377 | L90: 17259650 | M90: 6 | N90: 2876608.3 | O90: =IF(AND($N90>='202503'!$E$2,$N90<='202503'!$F$2),'202503'!$I$2,IF(AND($N90>='202503'!$E$3,$N90<='202503'!$F$3),'202503'!$I$3,IF(AND($N90>='202503'!$E$4,$N90<='202503'!$F$4),'202503'!$I$4,IF(AND($N90>='202503'!$E$5,$N90<='202503'!$F$5),'202503'!$I$5,0)))) -> 4 | P90: =IF(AND($N90>='202503'!$E$2,$N90<='202503'!$F$2),'202503'!$G$2,IF(AND($N90>='202503'!$E$3,$N90<='202503'!$F$3),'202503'!$G$3,IF(AND($N90>='202503'!$E$4,$N90<='202503'!$F$4),'202503'!$G$4,IF(AND($N90>='202503'!$E$5,$N90<='202503'!$F$5),'202503'!$G$5,0)))) -> 0
B91: 8805801 | C91: 88058011 | D91: 8805801-1 | E91: ACHIARDI ECHEVERRIA ANA MARIA | F91: 1806409 | G91: 1741822 | H91: 3283246 | I91: 1741822 | J91: 1741822 | K91: 3297682 | L91: 13612803 | M91: 6 | N91: 2268800.5 | O91: =IF(AND($N91>='202503'!$E$2,$N91<='202503'!$F$2),'202503'!$I$2,IF(AND($N91>='202503'!$E$3,$N91<='202503'!$F$3),'202503'!$I$3,IF(AND($N91>='202503'!$E$4,$N91<='202503'!$F$4),'202503'!$I$4,IF(AND($N91>='202503'!$E$5,$N91<='202503'!$F$5),'202503'!$I$5,0)))) -> 4 | P91: =IF(AND($N91>='202503'!$E$2,$N91<='202503'!$F$2),'202503'!$G$2,IF(AND($N91>='202503'!$E$3,$N91<='202503'!$F$3),'202503'!$G$3,IF(AND($N91>='202503'!$E$4,$N91<='202503'!$F$4),'202503'!$G$4,IF(AND($N91>='202503'!$E$5,$N91<='202503'!$F$5),'202503'!$G$5,0)))) -> 0
B92: 8806548 | C92: 88065484 | D92: 8806548-4 | E92: CORTES RAMIREZ DARIO MARIO | F92: 899650 | G92: 868259 | H92: 1697447 | I92: 868259 | J92: 868259 | K92: 1704772 | L92: 6906646 | M92: 6 | N92: 1151107.7 | O92: =IF(AND($N92>='202503'!$E$2,$N92<='202503'!$F$2),'202503'!$I$2,IF(AND($N92>='202503'!$E$3,$N92<='202503'!$F$3),'202503'!$I$3,IF(AND($N92>='202503'!$E$4,$N92<='202503'!$F$4),'202503'!$I$4,IF(AND($N92>='202503'!$E$5,$N92<='202503'!$F$5),'202503'!$I$5,0)))) -> 3 | P92: =IF(AND($N92>='202503'!$E$2,$N92<='202503'!$F$2),'202503'!$G$2,IF(AND($N92>='202503'!$E$3,$N92<='202503'!$F$3),'202503'!$G$3,IF(AND($N92>='202503'!$E$4,$N92<='202503'!$F$4),'202503'!$G$4,IF(AND($N92>='202503'!$E$5,$N92<='202503'!$F$5),'202503'!$G$5,0)))) -> 4267
B93: 8838911 | C93: 88389115 | D93: 8838911-5 | E93: ROMERO QUERO PALMIRA PILAR | F93: 2326417 | G93: 2254504 | H93: 4309132 | I93: 2254504 | J93: 2254504 | K93: 4327944 | L93: 17727005 | M93: 6 | N93: 2954500.8 | O93: =IF(AND($N93>='202503'!$E$2,$N93<='202503'!$F$2),'202503'!$I$2,IF(AND($N93>='202503'!$E$3,$N93<='202503'!$F$3),'202503'!$I$3,IF(AND($N93>='202503'!$E$4,$N93<='202503'!$F$4),'202503'!$I$4,IF(AND($N93>='202503'!$E$5,$N93<='202503'!$F$5),'202503'!$I$5,0)))) -> 4 | P93: =IF(AND($N93>='202503'!$E$2,$N93<='202503'!$F$2),'202503'!$G$2,IF(AND($N93>='202503'!$E$3,$N93<='202503'!$F$3),'202503'!$G$3,IF(AND($N93>='202503'!$E$4,$N93<='202503'!$F$4),'202503'!$G$4,IF(AND($N93>='202503'!$E$5,$N93<='202503'!$F$5),'202503'!$G$5,0)))) -> 0
B94: 8868400 | C94: 88684001 | D94: 8868400-1 | E94: GONZALEZ MALDONADO CLAUDIO | F94: 2862565 | G94: 2763729 | H94: 7494243 | I94: 3246318 | J94: 3246318 | K94: 5844945 | L94: 25458118 | M94: 6 | N94: 4243019.7 | O94: =IF(AND($N94>='202503'!$E$2,$N94<='202503'!$F$2),'202503'!$I$2,IF(AND($N94>='202503'!$E$3,$N94<='202503'!$F$3),'202503'!$I$3,IF(AND($N94>='202503'!$E$4,$N94<='202503'!$F$4),'202503'!$I$4,IF(AND($N94>='202503'!$E$5,$N94<='202503'!$F$5),'202503'!$I$5,0)))) -> 4 | P94: =IF(AND($N94>='202503'!$E$2,$N94<='202503'!$F$2),'202503'!$G$2,IF(AND($N94>='202503'!$E$3,$N94<='202503'!$F$3),'202503'!$G$3,IF(AND($N94>='202503'!$E$4,$N94<='202503'!$F$4),'202503'!$G$4,IF(AND($N94>='202503'!$E$5,$N94<='202503'!$F$5),'202503'!$G$5,0)))) -> 0
B95: 8890066 | C95: 88900669 | D95: 8890066-9 | E95: CASTRO ORELLANA ANDREA PATRICIA | F95: 899125 | G95: 868259 | H95: 1567106 | I95: 868259 | J95: 868259 | K95: 1574153 | L95: 6645161 | M95: 6 | N95: 1107526.8 | O95: =IF(AND($N95>='202503'!$E$2,$N95<='202503'!$F$2),'202503'!$I$2,IF(AND($N95>='202503'!$E$3,$N95<='202503'!$F$3),'202503'!$I$3,IF(AND($N95>='202503'!$E$4,$N95<='202503'!$F$4),'202503'!$I$4,IF(AND($N95>='202503'!$E$5,$N95<='202503'!$F$5),'202503'!$I$5,0)))) -> 3 | P95: =IF(AND($N95>='202503'!$E$2,$N95<='202503'!$F$2),'202503'!$G$2,IF(AND($N95>='202503'!$E$3,$N95<='202503'!$F$3),'202503'!$G$3,IF(AND($N95>='202503'!$E$4,$N95<='202503'!$F$4),'202503'!$G$4,IF(AND($N95>='202503'!$E$5,$N95<='202503'!$F$5),'202503'!$G$5,0)))) -> 4267
B96: 8901305 | C96: 89013054 | D96: 8901305-4 | E96: ROJAS CACERES MARIA VERONICA | F96: 2481076 | G96: 2392507 | H96: 4447135 | I96: 2404838 | J96: 2404838 | K96: 4479238 | L96: 18609632 | M96: 6 | N96: 3101605.3 | O96: =IF(AND($N96>='202503'!$E$2,$N96<='202503'!$F$2),'202503'!$I$2,IF(AND($N96>='202503'!$E$3,$N96<='202503'!$F$3),'202503'!$I$3,IF(AND($N96>='202503'!$E$4,$N96<='202503'!$F$4),'202503'!$I$4,IF(AND($N96>='202503'!$E$5,$N96<='202503'!$F$5),'202503'!$I$5,0)))) -> 4 | P96: =IF(AND($N96>='202503'!$E$2,$N96<='202503'!$F$2),'202503'!$G$2,IF(AND($N96>='202503'!$E$3,$N96<='202503'!$F$3),'202503'!$G$3,IF(AND($N96>='202503'!$E$4,$N96<='202503'!$F$4),'202503'!$G$4,IF(AND($N96>='202503'!$E$5,$N96<='202503'!$F$5),'202503'!$G$5,0)))) -> 0
B97: 8909025 | C97: 89090253 | D97: 8909025-3 | E97: LEAL EGAÑA CAROLINA ALEJANDRA | F97: 3386571 | G97: 3287685 | H97: 5746197 | I97: 3285740 | J97: 3285740 | K97: 5796921 | L97: 24788854 | M97: 6 | N97: 4131475.7 | O97: =IF(AND($N97>='202503'!$E$2,$N97<='202503'!$F$2),'202503'!$I$2,IF(AND($N97>='202503'!$E$3,$N97<='202503'!$F$3),'202503'!$I$3,IF(AND($N97>='202503'!$E$4,$N97<='202503'!$F$4),'202503'!$I$4,IF(AND($N97>='202503'!$E$5,$N97<='202503'!$F$5),'202503'!$I$5,0)))) -> 4 | P97: =IF(AND($N97>='202503'!$E$2,$N97<='202503'!$F$2),'202503'!$G$2,IF(AND($N97>='202503'!$E$3,$N97<='202503'!$F$3),'202503'!$G$3,IF(AND($N97>='202503'!$E$4,$N97<='202503'!$F$4),'202503'!$G$4,IF(AND($N97>='202503'!$E$5,$N97<='202503'!$F$5),'202503'!$G$5,0)))) -> 0
B98: 8934650 | C98: 89346509 | D98: 8934650-9 | E98: SANDOVAL SANTIBAÑEZ ANA LUISA | F98: 1992197 | G98: 1920600 | H98: 3621744 | I98: 1931173 | J98: 1931173 | K98: 3648305 | L98: 15045192 | M98: 6 | N98: 2507532 | O98: =IF(AND($N98>='202503'!$E$2,$N98<='202503'!$F$2),'202503'!$I$2,IF(AND($N98>='202503'!$E$3,$N98<='202503'!$F$3),'202503'!$I$3,IF(AND($N98>='202503'!$E$4,$N98<='202503'!$F$4),'202503'!$I$4,IF(AND($N98>='202503'!$E$5,$N98<='202503'!$F$5),'202503'!$I$5,0)))) -> 4 | P98: =IF(AND($N98>='202503'!$E$2,$N98<='202503'!$F$2),'202503'!$G$2,IF(AND($N98>='202503'!$E$3,$N98<='202503'!$F$3),'202503'!$G$3,IF(AND($N98>='202503'!$E$4,$N98<='202503'!$F$4),'202503'!$G$4,IF(AND($N98>='202503'!$E$5,$N98<='202503'!$F$5),'202503'!$G$5,0)))) -> 0
B99: 8969776 | C99: 08969776K | D99: 8969776-K | E99: TORO CABERLETTI CLAUDIA | F99: 3717064 | G99: 3587862 | H99: 6291834 | I99: 3587862 | J99: 3587862 | K99: 6320565 | L99: 27093049 | M99: 6 | N99: 4515508.2 | O99: =IF(AND($N99>='202503'!$E$2,$N99<='202503'!$F$2),'202503'!$I$2,IF(AND($N99>='202503'!$E$3,$N99<='202503'!$F$3),'202503'!$I$3,IF(AND($N99>='202503'!$E$4,$N99<='202503'!$F$4),'202503'!$I$4,IF(AND($N99>='202503'!$E$5,$N99<='202503'!$F$5),'202503'!$I$5,0)))) -> 4 | P99: =IF(AND($N99>='202503'!$E$2,$N99<='202503'!$F$2),'202503'!$G$2,IF(AND($N99>='202503'!$E$3,$N99<='202503'!$F$3),'202503'!$G$3,IF(AND($N99>='202503'!$E$4,$N99<='202503'!$F$4),'202503'!$G$4,IF(AND($N99>='202503'!$E$5,$N99<='202503'!$F$5),'202503'!$G$5,0)))) -> 0
B100: 9066336 | C100: 90663364 | D100: 9066336-4 | E100: ARRIBAS LUCERO MARIA CRISTINA | F100: 2196818 | G100: 2117780 | H100: 4003142 | I100: 2129198 | J100: 2129198 | K100: 4032211 | L100: 16608347 | M100: 6 | N100: 2768057.8 | O100: =IF(AND($N100>='202503'!$E$2,$N100<='202503'!$F$2),'202503'!$I$2,IF(AND($N100>='202503'!$E$3,$N100<='202503'!$F$3),'202503'!$I$3,IF(AND($N100>='202503'!$E$4,$N100<='202503'!$F$4),'202503'!$I$4,IF(AND($N100>='202503'!$E$5,$N100<='202503'!$F$5),'202503'!$I$5,0)))) -> 4 | P100: =IF(AND($N100>='202503'!$E$2,$N100<='202503'!$F$2),'202503'!$G$2,IF(AND($N100>='202503'!$E$3,$N100<='202503'!$F$3),'202503'!$G$3,IF(AND($N100>='202503'!$E$4,$N100<='202503'!$F$4),'202503'!$G$4,IF(AND($N100>='202503'!$E$5,$N100<='202503'!$F$5),'202503'!$G$5,0)))) -> 0
B101: 9075062 | C101: 90750623 | D101: 9075062-3 | E101: HERRERA LOPEZ GONZALO JAVIER | G101: 5258414 | H101: 2629207 | I101: 2629207 | J101: 2629207 | K101: 2646034 | L101: 15792069 | M101: 5 | N101: 3158413.8 | O101: =IF(AND($N101>='202503'!$E$2,$N101<='202503'!$F$2),'202503'!$I$2,IF(AND($N101>='202503'!$E$3,$N101<='202503'!$F$3),'202503'!$I$3,IF(AND($N101>='202503'!$E$4,$N101<='202503'!$F$4),'202503'!$I$4,IF(AND($N101>='202503'!$E$5,$N101<='202503'!$F$5),'202503'!$I$5,0)))) -> 4 | P101: =IF(AND($N101>='202503'!$E$2,$N101<='202503'!$F$2),'202503'!$G$2,IF(AND($N101>='202503'!$E$3,$N101<='202503'!$F$3),'202503'!$G$3,IF(AND($N101>='202503'!$E$4,$N101<='202503'!$F$4),'202503'!$G$4,IF(AND($N101>='202503'!$E$5,$N101<='202503'!$F$5),'202503'!$G$5,0)))) -> 0
B102: 9115622 | C102: 91156229 | D102: 9115622-9 | E102: ROBLES PEREZ IVAN GONZALO | F102: 1111524 | G102: 1071692 | H102: 2040236 | I102: 1071692 | J102: 1071692 | K102: 2049162 | L102: 8415998 | M102: 6 | N102: 1402666.3 | O102: =IF(AND($N102>='202503'!$E$2,$N102<='202503'!$F$2),'202503'!$I$2,IF(AND($N102>='202503'!$E$3,$N102<='202503'!$F$3),'202503'!$I$3,IF(AND($N102>='202503'!$E$4,$N102<='202503'!$F$4),'202503'!$I$4,IF(AND($N102>='202503'!$E$5,$N102<='202503'!$F$5),'202503'!$I$5,0)))) -> 3 | P102: =IF(AND($N102>='202503'!$E$2,$N102<='202503'!$F$2),'202503'!$G$2,IF(AND($N102>='202503'!$E$3,$N102<='202503'!$F$3),'202503'!$G$3,IF(AND($N102>='202503'!$E$4,$N102<='202503'!$F$4),'202503'!$G$4,IF(AND($N102>='202503'!$E$5,$N102<='202503'!$F$5),'202503'!$G$5,0)))) -> 4267
B103: 9120722 | C103: 91207222 | D103: 9120722-2 | E103: SOLIS MUÑOZ RAMON HUMBERTO | F103: 3357555 | G103: 3240448 | H103: 5736241 | I103: 3240448 | J103: 3240448 | K103: 5786751 | L103: 24601891 | M103: 6 | N103: 4100315.2 | O103: =IF(AND($N103>='202503'!$E$2,$N103<='202503'!$F$2),'202503'!$I$2,IF(AND($N103>='202503'!$E$3,$N103<='202503'!$F$3),'202503'!$I$3,IF(AND($N103>='202503'!$E$4,$N103<='202503'!$F$4),'202503'!$I$4,IF(AND($N103>='202503'!$E$5,$N103<='202503'!$F$5),'202503'!$I$5,0)))) -> 4 | P103: =IF(AND($N103>='202503'!$E$2,$N103<='202503'!$F$2),'202503'!$G$2,IF(AND($N103>='202503'!$E$3,$N103<='202503'!$F$3),'202503'!$G$3,IF(AND($N103>='202503'!$E$4,$N103<='202503'!$F$4),'202503'!$G$4,IF(AND($N103>='202503'!$E$5,$N103<='202503'!$F$5),'202503'!$G$5,0)))) -> 0
B104: 9176915 | C104: 91769158 | D104: 9176915-8 | E104: PROVOSTE VALDEBENITO HUGO ADOLFO | F104: 2364473 | G104: 2291495 | H104: 4346123 | I104: 2291495 | J104: 2291495 | K104: 4365172 | L104: 17950253 | M104: 6 | N104: 2991708.8 | O104: =IF(AND($N104>='202503'!$E$2,$N104<='202503'!$F$2),'202503'!$I$2,IF(AND($N104>='202503'!$E$3,$N104<='202503'!$F$3),'202503'!$I$3,IF(AND($N104>='202503'!$E$4,$N104<='202503'!$F$4),'202503'!$I$4,IF(AND($N104>='202503'!$E$5,$N104<='202503'!$F$5),'202503'!$I$5,0)))) -> 4 | P104: =IF(AND($N104>='202503'!$E$2,$N104<='202503'!$F$2),'202503'!$G$2,IF(AND($N104>='202503'!$E$3,$N104<='202503'!$F$3),'202503'!$G$3,IF(AND($N104>='202503'!$E$4,$N104<='202503'!$F$4),'202503'!$G$4,IF(AND($N104>='202503'!$E$5,$N104<='202503'!$F$5),'202503'!$G$5,0)))) -> 0
B105: 9243472 | C105: 92434729 | D105: 9243472-9 | E105: MANDIOLA GRECCO FELIPE ESTEBAN | F105: 2092000 | G105: 2022699 | H105: 3586293 | I105: 2022699 | J105: 2022699 | K105: 3602574 | L105: 15348964 | M105: 6 | N105: 2558160.7 | O105: =IF(AND($N105>='202503'!$E$2,$N105<='202503'!$F$2),'202503'!$I$2,IF(AND($N105>='202503'!$E$3,$N105<='202503'!$F$3),'202503'!$I$3,IF(AND($N105>='202503'!$E$4,$N105<='202503'!$F$4),'202503'!$I$4,IF(AND($N105>='202503'!$E$5,$N105<='202503'!$F$5),'202503'!$I$5,0)))) -> 4 | P105: =IF(AND($N105>='202503'!$E$2,$N105<='202503'!$F$2),'202503'!$G$2,IF(AND($N105>='202503'!$E$3,$N105<='202503'!$F$3),'202503'!$G$3,IF(AND($N105>='202503'!$E$4,$N105<='202503'!$F$4),'202503'!$G$4,IF(AND($N105>='202503'!$E$5,$N105<='202503'!$F$5),'202503'!$G$5,0)))) -> 0
...

Sheet Promedio 2024
D1: 1 | E1: 2 | F1: 3 | G1: 4 | H1: 5 | I1: 6 | J1: 7 | K1: 8 | L1: 9 | M1: 10 | N1: 11 | O1: 202401 | P1: 202401 | Q1: 202501 | R1: 202501 | S1: 202502 | T1: 202502
B2: 1 | C2: rut | D2: RUT | E2: nombre_beneficiario | F2: enero | G2: febrero | H2: marzo | I2: abril | J2: mayo | K2: junio | L2: total | M2: meses | N2: Promedio | O2: tramo | P2: valor | Q2: tramo | R2: valor | S2: tramo | T2: valor
B3: 13723213 | C3: 137232138 | D3: 13723213-8 | E3: ZURITA VERA ALEJANDRA ANDREA | F3: 832772 | G3: 832772 | H3: 1776978 | I3: 836714 | J3: 836714 | K3: 1716465 | L3: =SUM(F3:K3) -> 6832415 | M3: 6 | N3: 1138735 | O3: =IF(AND($N3>='202401'!$E$2,$N3<='202401'!$F$2),'202401'!$I$2,IF(AND($N3>='202401'!$E$3,$N3<='202401'!$F$3),'202401'!$I$3,IF(AND($N3>='202401'!$E$4,$N3<='202401'!$F$4),'202401'!$I$4,IF(AND($N3>='202401'!$E$5,$N3<='202401'!$F$5),'202401'!$I$5,0)))) -> 3 | P3: =IF(AND($N3>='202401'!$E$2,$N3<='202401'!$F$2),'202401'!$G$2,IF(AND($N3>='202401'!$E$3,$N3<='202401'!$F$3),'202401'!$G$3,IF(AND($N3>='202401'!$E$4,$N3<='202401'!$F$4),'202401'!$G$4,IF(AND($N3>='202401'!$E$5,$N3<='202401'!$F$5),'202401'!$G$5,0)))) -> 4119 | Q3: =IF(AND($N3>='202501'!$E$2,$N3<='202501'!$F$2),'202501'!$I$2,IF(AND($N3>='202501'!$E$3,$N3<='202501'!$F$3),'202501'!$I$3,IF(AND($N3>='202501'!$E$4,$N3<='202501'!$F$4),'202501'!$I$4,IF(AND($N3>='202501'!$E$5,$N3<='202501'!$F$5),'202501'!$I$5,0)))) -> 3 | R3: =IF(AND($N3>='202501'!$E$2,$N3<='202501'!$F$2),'202501'!$G$2,IF(AND($N3>='202501'!$E$3,$N3<='202501'!$F$3),'202501'!$G$3,IF(AND($N3>='202501'!$E$4,$N3<='202501'!$F$4),'202501'!$G$4,IF(AND($N3>='202501'!$E$5,$N3<='202501'!$F$5),'202501'!$G$5,0)))) -> 4119 | S3: =IF(AND($N3>='202502'!$E$2,$N3<='202502'!$F$2),'202502'!$I$2,IF(AND($N3>='202502'!$E$3,$N3<='202502'!$F$3),'202502'!$I$3,IF(AND($N3>='202502'!$E$4,$N3<='202502'!$F$4),'202502'!$I$4,IF(AND($N3>='202502'!$E$5,$N3<='202502'!$F$5),'202502'!$I$5,0)))) -> 3 | T3: =IF(AND($N3>='202502'!$E$2,$N3<='202502'!$F$2),'202502'!$G$2,IF(AND($N3>='202502'!$E$3,$N3<='202502'!$F$3),'202502'!$G$3,IF(AND($N3>='202502'!$E$4,$N3<='202502'!$F$4),'202502'!$G$4,IF(AND($N3>='202502'!$E$5,$N3<='202502'!$F$5),'202502'!$G$5,0)))) -> 4267
B4: 12388357 | C4: 123883578 | D4: 12388357-8 | E4: ZUÑIGA SAN MARTIN CESAR DONALDO | F4: 1072699 | G4: 903229 | H4: 1694761 | I4: 953130 | J4: 976669 | K4: 1774977 | L4: =SUM(F4:K4) -> 7375465 | M4: 6 | N4: 1229244 | O4: =IF(AND($N4>='202401'!$E$2,$N4<='202401'!$F$2),'202401'!$I$2,IF(AND($N4>='202401'!$E$3,$N4<='202401'!$F$3),'202401'!$I$3,IF(AND($N4>='202401'!$E$4,$N4<='202401'!$F$4),'202401'!$I$4,IF(AND($N4>='202401'!$E$5,$N4<='202401'!$F$5),'202401'!$I$5,0)))) -> 3 | P4: =IF(AND($N4>='202401'!$E$2,$N4<='202401'!$F$2),'202401'!$G$2,IF(AND($N4>='202401'!$E$3,$N4<='202401'!$F$3),'202401'!$G$3,IF(AND($N4>='202401'!$E$4,$N4<='202401'!$F$4),'202401'!$G$4,IF(AND($N4>='202401'!$E$5,$N4<='202401'!$F$5),'202401'!$G$5,0)))) -> 4119 | Q4: =IF(AND($N4>='202501'!$E$2,$N4<='202501'!$F$2),'202501'!$I$2,IF(AND($N4>='202501'!$E$3,$N4<='202501'!$F$3),'202501'!$I$3,IF(AND($N4>='202501'!$E$4,$N4<='202501'!$F$4),'202501'!$I$4,IF(AND($N4>='202501'!$E$5,$N4<='202501'!$F$5),'202501'!$I$5,0)))) -> 3 | R4: =IF(AND($N4>='202501'!$E$2,$N4<='202501'!$F$2),'202501'!$G$2,IF(AND($N4>='202501'!$E$3,$N4<='202501'!$F$3),'202501'!$G$3,IF(AND($N4>='202501'!$E$4,$N4<='202501'!$F$4),'202501'!$G$4,IF(AND($N4>='202501'!$E$5,$N4<='202501'!$F$5),'202501'!$G$5,0)))) -> 4119 | S4: =IF(AND($N4>='202502'!$E$2,$N4<='202502'!$F$2),'202502'!$I$2,IF(AND($N4>='202502'!$E$3,$N4<='202502'!$F$3),'202502'!$I$3,IF(AND($N4>='202502'!$E$4,$N4<='202502'!$F$4),'202502'!$I$4,IF(AND($N4>='202502'!$E$5,$N4<='202502'!$F$5),'202502'!$I$5,0)))) -> 3 | T4: =IF(AND($N4>='202502'!$E$2,$N4<='202502'!$F$2),'202502'!$G$2,IF(AND($N4>='202502'!$E$3,$N4<='202502'!$F$3),'202502'!$G$3,IF(AND($N4>='202502'!$E$4,$N4<='202502'!$F$4),'202502'!$G$4,IF(AND($N4>='202502'!$E$5,$N4<='202502'!$F$5),'202502'!$G$5,0)))) -> 4267
B5: 8792255 | C5: 87922553 | D5: 8792255-3 | E5: ZUÑIGA RODRIGUEZ CONRADO | F5: 2188124 | G5: 2188124 | H5: 3815778 | I5: 2188124 | J5: 2552214 | K5: 3829432 | L5: =SUM(F5:K5) -> 16761796 | M5: 6 | N5: 2793632 | O5: =IF(AND($N5>='202401'!$E$2,$N5<='202401'!$F$2),'202401'!$I$2,IF(AND($N5>='202401'!$E$3,$N5<='202401'!$F$3),'202401'!$I$3,IF(AND($N5>='202401'!$E$4,$N5<='202401'!$F$4),'202401'!$I$4,IF(AND($N5>='202401'!$E$5,$N5<='202401'!$F$5),'202401'!$I$5,0)))) -> 4 | P5: =IF(AND($N5>='202401'!$E$2,$N5<='202401'!$F$2),'202401'!$G$2,IF(AND($N5>='202401'!$E$3,$N5<='202401'!$F$3),'202401'!$G$3,IF(AND($N5>='202401'!$E$4,$N5<='202401'!$F$4),'202401'!$G$4,IF(AND($N5>='202401'!$E$5,$N5<='202401'!$F$5),'202401'!$G$5,0)))) -> 0 | Q5: =IF(AND($N5>='202501'!$E$2,$N5<='202501'!$F$2),'202501'!$I$2,IF(AND($N5>='202501'!$E$3,$N5<='202501'!$F$3),'202501'!$I$3,IF(AND($N5>='202501'!$E$4,$N5<='202501'!$F$4),'202501'!$I$4,IF(AND($N5>='202501'!$E$5,$N5<='202501'!$F$5),'202501'!$I$5,0)))) -> 4 | R5: =IF(AND($N5>='202501'!$E$2,$N5<='202501'!$F$2),'202501'!$G$2,IF(AND($N5>='202501'!$E$3,$N5<='202501'!$F$3),'202501'!$G$3,IF(AND($N5>='202501'!$E$4,$N5<='202501'!$F$4),'202501'!$G$4,IF(AND($N5>='202501'!$E$5,$N5<='202501'!$F$5),'202501'!$G$5,0)))) -> 0 | S5: =IF(AND($N5>='202502'!$E$2,$N5<='202502'!$F$2),'202502'!$I$2,IF(AND($N5>='202502'!$E$3,$N5<='202502'!$F$3),'202502'!$I$3,IF(AND($N5>='202502'!$E$4,$N5<='202502'!$F$4),'202502'!$I$4,IF(AND($N5>='202502'!$E$5,$N5<='202502'!$F$5),'202502'!$I$5,0)))) -> 4 | T5: =IF(AND($N5>='202502'!$E$2,$N5<='202502'!$F$2),'202502'!$G$2,IF(AND($N5>='202502'!$E$3,$N5<='202502'!$F$3),'202502'!$G$3,IF(AND($N5>='202502'!$E$4,$N5<='202502'!$F$4),'202502'!$G$4,IF(AND($N5>='202502'!$E$5,$N5<='202502'!$F$5),'202502'!$G$5,0)))) -> 0
B6: 13230664 | C6: 132306648 | D6: 13230664-8 | E6: ZUÑIGA LUCERO CRISTIAN ANDRES | F6: 2566908 | G6: 2566908 | H6: 4838948 | I6: 2566908 | J6: 2566908 | K6: 4879854 | L6: =SUM(F6:K6) -> 19986434 | M6: 6 | N6: 3331072 | O6: =IF(AND($N6>='202401'!$E$2,$N6<='202401'!$F$2),'202401'!$I$2,IF(AND($N6>='202401'!$E$3,$N6<='202401'!$F$3),'202401'!$I$3,IF(AND($N6>='202401'!$E$4,$N6<='202401'!$F$4),'202401'!$I$4,IF(AND($N6>='202401'!$E$5,$N6<='202401'!$F$5),'202401'!$I$5,0)))) -> 4 | P6: =IF(AND($N6>='202401'!$E$2,$N6<='202401'!$F$2),'202401'!$G$2,IF(AND($N6>='202401'!$E$3,$N6<='202401'!$F$3),'202401'!$G$3,IF(AND($N6>='202401'!$E$4,$N6<='202401'!$F$4),'202401'!$G$4,IF(AND($N6>='202401'!$E$5,$N6<='202401'!$F$5),'202401'!$G$5,0)))) -> 0 | Q6: =IF(AND($N6>='202501'!$E$2,$N6<='202501'!$F$2),'202501'!$I$2,IF(AND($N6>='202501'!$E$3,$N6<='202501'!$F$3),'202501'!$I$3,IF(AND($N6>='202501'!$E$4,$N6<='202501'!$F$4),'202501'!$I$4,IF(AND($N6>='202501'!$E$5,$N6<='202501'!$F$5),'202501'!$I$5,0)))) -> 4 | R6: =IF(AND($N6>='202501'!$E$2,$N6<='202501'!$F$2),'202501'!$G$2,IF(AND($N6>='202501'!$E$3,$N6<='202501'!$F$3),'202501'!$G$3,IF(AND($N6>='202501'!$E$4,$N6<='202501'!$F$4),'202501'!$G$4,IF(AND($N6>='202501'!$E$5,$N6<='202501'!$F$5),'202501'!$G$5,0)))) -> 0 | S6: =IF(AND($N6>='202502'!$E$2,$N6<='202502'!$F$2),'202502'!$I$2,IF(AND($N6>='202502'!$E$3,$N6<='202502'!$F$3),'202502'!$I$3,IF(AND($N6>='202502'!$E$4,$N6<='202502'!$F$4),'202502'!$I$4,IF(AND($N6>='202502'!$E$5,$N6<='202502'!$F$5),'202502'!$I$5,0)))) -> 4 | T6: =IF(AND($N6>='202502'!$E$2,$N6<='202502'!$F$2),'202502'!$G$2,IF(AND($N6>='202502'!$E$3,$N6<='202502'!$F$3),'202502'!$G$3,IF(AND($N6>='202502'!$E$4,$N6<='202502'!$F$4),'202502'!$G$4,IF(AND($N6>='202502'!$E$5,$N6<='202502'!$F$5),'202502'!$G$5,0)))) -> 0
B7: 16122931 | C7: 161229318 | D7: 16122931-8 | E7: ZUÑIGA HERRERA MONICA PAZ | F7: 1169535 | G7: 1169535 | H7: 2242689 | I7: 1169535 | J7: 1169535 | K7: 2250325 | L7: =SUM(F7:K7) -> 9171154 | M7: 6 | N7: 1528525 | O7: =IF(AND($N7>='202401'!$E$2,$N7<='202401'!$F$2),'202401'!$I$2,IF(AND($N7>='202401'!$E$3,$N7<='202401'!$F$3),'202401'!$I$3,IF(AND($N7>='202401'!$E$4,$N7<='202401'!$F$4),'202401'!$I$4,IF(AND($N7>='202401'!$E$5,$N7<='202401'!$F$5),'202401'!$I$5,0)))) -> 4 | P7: =IF(AND($N7>='202401'!$E$2,$N7<='202401'!$F$2),'202401'!$G$2,IF(AND($N7>='202401'!$E$3,$N7<='202401'!$F$3),'202401'!$G$3,IF(AND($N7>='202401'!$E$4,$N7<='202401'!$F$4),'202401'!$G$4,IF(AND($N7>='202401'!$E$5,$N7<='202401'!$F$5),'202401'!$G$5,0)))) -> 0 | Q7: =IF(AND($N7>='202501'!$E$2,$N7<='202501'!$F$2),'202501'!$I$2,IF(AND($N7>='202501'!$E$3,$N7<='202501'!$F$3),'202501'!$I$3,IF(AND($N7>='202501'!$E$4,$N7<='202501'!$F$4),'202501'!$I$4,IF(AND($N7>='202501'!$E$5,$N7<='202501'!$F$5),'202501'!$I$5,0)))) -> 4 | R7: =IF(AND($N7>='202501'!$E$2,$N7<='202501'!$F$2),'202501'!$G$2,IF(AND($N7>='202501'!$E$3,$N7<='202501'!$F$3),'202501'!$G$3,IF(AND($N7>='202501'!$E$4,$N7<='202501'!$F$4),'202501'!$G$4,IF(AND($N7>='202501'!$E$5,$N7<='202501'!$F$5),'202501'!$G$5,0)))) -> 0 | S7: =IF(AND($N7>='202502'!$E$2,$N7<='202502'!$F$2),'202502'!$I$2,IF(AND($N7>='202502'!$E$3,$N7<='202502'!$F$3),'202502'!$I$3,IF(AND($N7>='202502'!$E$4,$N7<='202502'!$F$4),'202502'!$I$4,IF(AND($N7>='202502'!$E$5,$N7<='202502'!$F$5),'202502'!$I$5,0)))) -> 4 | T7: =IF(AND($N7>='202502'!$E$2,$N7<='202502'!$F$2),'202502'!$G$2,IF(AND($N7>='202502'!$E$3,$N7<='202502'!$F$3),'202502'!$G$3,IF(AND($N7>='202502'!$E$4,$N7<='202502'!$F$4),'202502'!$G$4,IF(AND($N7>='202502'!$E$5,$N7<='202502'!$F$5),'202502'!$G$5,0)))) -> 0
B8: 14081052 | C8: 140810525 | D8: 14081052-5 | E8: ZUÑIGA GONZALEZ KATHERINE | F8: 1046568 | G8: 1018535 | H8: 1898111 | I8: 1018535 | J8: 1018535 | K8: 1904668 | L8: =SUM(F8:K8) -> 7904952 | M8: 6 | N8: 1317492 | O8: =IF(AND($N8>='202401'!$E$2,$N8<='202401'!$F$2),'202401'!$I$2,IF(AND($N8>='202401'!$E$3,$N8<='202401'!$F$3),'202401'!$I$3,IF(AND($N8>='202401'!$E$4,$N8<='202401'!$F$4),'202401'!$I$4,IF(AND($N8>='202401'!$E$5,$N8<='202401'!$F$5),'202401'!$I$5,0)))) -> 3 | P8: =IF(AND($N8>='202401'!$E$2,$N8<='202401'!$F$2),'202401'!$G$2,IF(AND($N8>='202401'!$E$3,$N8<='202401'!$F$3),'202401'!$G$3,IF(AND($N8>='202401'!$E$4,$N8<='202401'!$F$4),'202401'!$G$4,IF(AND($N8>='202401'!$E$5,$N8<='202401'!$F$5),'202401'!$G$5,0)))) -> 4119 | Q8: =IF(AND($N8>='202501'!$E$2,$N8<='202501'!$F$2),'202501'!$I$2,IF(AND($N8>='202501'!$E$3,$N8<='202501'!$F$3),'202501'!$I$3,IF(AND($N8>='202501'!$E$4,$N8<='202501'!$F$4),'202501'!$I$4,IF(AND($N8>='202501'!$E$5,$N8<='202501'!$F$5),'202501'!$I$5,0)))) -> 3 | R8: =IF(AND($N8>='202501'!$E$2,$N8<='202501'!$F$2),'202501'!$G$2,IF(AND($N8>='202501'!$E$3,$N8<='202501'!$F$3),'202501'!$G$3,IF(AND($N8>='202501'!$E$4,$N8<='202501'!$F$4),'202501'!$G$4,IF(AND($N8>='202501'!$E$5,$N8<='202501'!$F$5),'202501'!$G$5,0)))) -> 4119 | S8: =IF(AND($N8>='202502'!$E$2,$N8<='202502'!$F$2),'202502'!$I$2,IF(AND($N8>='202502'!$E$3,$N8<='202502'!$F$3),'202502'!$I$3,IF(AND($N8>='202502'!$E$4,$N8<='202502'!$F$4),'202502'!$I$4,IF(AND($N8>='202502'!$E$5,$N8<='202502'!$F$5),'202502'!$I$5,0)))) -> 3 | T8: =IF(AND($N8>='202502'!$E$2,$N8<='202502'!$F$2),'202502'!$G$2,IF(AND($N8>='202502'!$E$3,$N8<='202502'!$F$3),'202502'!$G$3,IF(AND($N8>='202502'!$E$4,$N8<='202502'!$F$4),'202502'!$G$4,IF(AND($N8>='202502'!$E$5,$N8<='202502'!$F$5),'202502'!$G$5,0)))) -> 4267
B9: 18489749 | C9: 184897490 | D9: 18489749-0 | E9: ZUÑIGA FRITZ ROLY FRANCISCO | F9: 802819 | G9: 802819 | H9: 1512208 | I9: 802819 | J9: 802819 | K9: 1517404 | L9: =SUM(F9:K9) -> 6240888 | M9: 6 | N9: 1040148 | O9: =IF(AND($N9>='202401'!$E$2,$N9<='202401'!$F$2),'202401'!$I$2,IF(AND($N9>='202401'!$E$3,$N9<='202401'!$F$3),'202401'!$I$3,IF(AND($N9>='202401'!$E$4,$N9<='202401'!$F$4),'202401'!$I$4,IF(AND($N9>='202401'!$E$5,$N9<='202401'!$F$5),'202401'!$I$5,0)))) -> 3 | P9: =IF(AND($N9>='202401'!$E$2,$N9<='202401'!$F$2),'202401'!$G$2,IF(AND($N9>='202401'!$E$3,$N9<='202401'!$F$3),'202401'!$G$3,IF(AND($N9>='202401'!$E$4,$N9<='202401'!$F$4),'202401'!$G$4,IF(AND($N9>='202401'!$E$5,$N9<='202401'!$F$5),'202401'!$G$5,0)))) -> 4119 | Q9: =IF(AND($N9>='202501'!$E$2,$N9<='202501'!$F$2),'202501'!$I$2,IF(AND($N9>='202501'!$E$3,$N9<='202501'!$F$3),'202501'!$I$3,IF(AND($N9>='202501'!$E$4,$N9<='202501'!$F$4),'202501'!$I$4,IF(AND($N9>='202501'!$E$5,$N9<='202501'!$F$5),'202501'!$I$5,0)))) -> 3 | R9: =IF(AND($N9>='202501'!$E$2,$N9<='202501'!$F$2),'202501'!$G$2,IF(AND($N9>='202501'!$E$3,$N9<='202501'!$F$3),'202501'!$G$3,IF(AND($N9>='202501'!$E$4,$N9<='202501'!$F$4),'202501'!$G$4,IF(AND($N9>='202501'!$E$5,$N9<='202501'!$F$5),'202501'!$G$5,0)))) -> 4119 | S9: =IF(AND($N9>='202502'!$E$2,$N9<='202502'!$F$2),'202502'!$I$2,IF(AND($N9>='202502'!$E$3,$N9<='202502'!$F$3),'202502'!$I$3,IF(AND($N9>='202502'!$E$4,$N9<='202502'!$F$4),'202502'!$I$4,IF(AND($N9>='202502'!$E$5,$N9<='202502'!$F$5),'202502'!$I$5,0)))) -> 3 | T9: =IF(AND($N9>='202502'!$E$2,$N9<='202502'!$F$2),'202502'!$G$2,IF(AND($N9>='202502'!$E$3,$N9<='202502'!$F$3),'202502'!$G$3,IF(AND($N9>='202502'!$E$4,$N9<='202502'!$F$4),'202502'!$G$4,IF(AND($N9>='202502'!$E$5,$N9<='202502'!$F$5),'202502'!$G$5,0)))) -> 4267
B10: 15805886 | C10: 158058863 | D10: 15805886-3 | E10: ZUÑIGA CHANDIA ANTONIO IGNACIO | F10: 2163893 | G10: 2163893 | H10: 4125212 | I10: 2163893 | J10: 2163893 | K10: 4139303 | L10: =SUM(F10:K10) -> 16920087 | M10: 6 | N10: 2820014 | O10: =IF(AND($N10>='202401'!$E$2,$N10<='202401'!$F$2),'202401'!$I$2,IF(AND($N10>='202401'!$E$3,$N10<='202401'!$F$3),'202401'!$I$3,IF(AND($N10>='202401'!$E$4,$N10<='202401'!$F$4),'202401'!$I$4,IF(AND($N10>='202401'!$E$5,$N10<='202401'!$F$5),'202401'!$I$5,0)))) -> 4 | P10: =IF(AND($N10>='202401'!$E$2,$N10<='202401'!$F$2),'202401'!$G$2,IF(AND($N10>='202401'!$E$3,$N10<='202401'!$F$3),'202401'!$G$3,IF(AND($N10>='202401'!$E$4,$N10<='202401'!$F$4),'202401'!$G$4,IF(AND($N10>='202401'!$E$5,$N10<='202401'!$F$5),'202401'!$G$5,0)))) -> 0 | Q10: =IF(AND($N10>='202501'!$E$2,$N10<='202501'!$F$2),'202501'!$I$2,IF(AND($N10>='202501'!$E$3,$N10<='202501'!$F$3),'202501'!$I$3,IF(AND($N10>='202501'!$E$4,$N10<='202501'!$F$4),'202501'!$I$4,IF(AND($N10>='202501'!$E$5,$N10<='202501'!$F$5),'202501'!$I$5,0)))) -> 4 | R10: =IF(AND($N10>='202501'!$E$2,$N10<='202501'!$F$2),'202501'!$G$2,IF(AND($N10>='202501'!$E$3,$N10<='202501'!$F$3),'202501'!$G$3,IF(AND($N10>='202501'!$E$4,$N10<='202501'!$F$4),'202501'!$G$4,IF(AND($N10>='202501'!$E$5,$N10<='202501'!$F$5),'202501'!$G$5,0)))) -> 0 | S10: =IF(AND($N10>='202502'!$E$2,$N10<='202502'!$F$2),'202502'!$I$2,IF(AND($N10>='202502'!$E$3,$N10<='202502'!$F$3),'202502'!$I$3,IF(AND($N10>='202502'!$E$4,$N10<='202502'!$F$4),'202502'!$I$4,IF(AND($N10>='202502'!$E$5,$N10<='202502'!$F$5),'202502'!$I$5,0)))) -> 4 | T10: =IF(AND($N10>='202502'!$E$2,$N10<='202502'!$F$2),'202502'!$G$2,IF(AND($N10>='202502'!$E$3,$N10<='202502'!$F$3),'202502'!$G$3,IF(AND($N10>='202502'!$E$4,$N10<='202502'!$F$4),'202502'!$G$4,IF(AND($N10>='202502'!$E$5,$N10<='202502'!$F$5),'202502'!$G$5,0)))) -> 0
B11: 17516540 | C11: 175165401 | D11: 17516540-1 | E11: ZUÑIGA CERDA PALOMA IGNACIA | J11: 5153591 | K11: 4690042 | L11: =SUM(F11:K11) -> 9843633 | M11: 2 | N11: 4921816 | O11: =IF(AND($N11>='202401'!$E$2,$N11<='202401'!$F$2),'202401'!$I$2,IF(AND($N11>='202401'!$E$3,$N11<='202401'!$F$3),'202401'!$I$3,IF(AND($N11>='202401'!$E$4,$N11<='202401'!$F$4),'202401'!$I$4,IF(AND($N11>='202401'!$E$5,$N11<='202401'!$F$5),'202401'!$I$5,0)))) -> 4 | P11: =IF(AND($N11>='202401'!$E$2,$N11<='202401'!$F$2),'202401'!$G$2,IF(AND($N11>='202401'!$E$3,$N11<='202401'!$F$3),'202401'!$G$3,IF(AND($N11>='202401'!$E$4,$N11<='202401'!$F$4),'202401'!$G$4,IF(AND($N11>='202401'!$E$5,$N11<='202401'!$F$5),'202401'!$G$5,0)))) -> 0 | Q11: =IF(AND($N11>='202501'!$E$2,$N11<='202501'!$F$2),'202501'!$I$2,IF(AND($N11>='202501'!$E$3,$N11<='202501'!$F$3),'202501'!$I$3,IF(AND($N11>='202501'!$E$4,$N11<='202501'!$F$4),'202501'!$I$4,IF(AND($N11>='202501'!$E$5,$N11<='202501'!$F$5),'202501'!$I$5,0)))) -> 4 | R11: =IF(AND($N11>='202501'!$E$2,$N11<='202501'!$F$2),'202501'!$G$2,IF(AND($N11>='202501'!$E$3,$N11<='202501'!$F$3),'202501'!$G$3,IF(AND($N11>='202501'!$E$4,$N11<='202501'!$F$4),'202501'!$G$4,IF(AND($N11>='202501'!$E$5,$N11<='202501'!$F$5),'202501'!$G$5,0)))) -> 0 | S11: =IF(AND($N11>='202502'!$E$2,$N11<='202502'!$F$2),'202502'!$I$2,IF(AND($N11>='202502'!$E$3,$N11<='202502'!$F$3),'202502'!$I$3,IF(AND($N11>='202502'!$E$4,$N11<='202502'!$F$4),'202502'!$I$4,IF(AND($N11>='202502'!$E$5,$N11<='202502'!$F$5),'202502'!$I$5,0)))) -> 4 | T11: =IF(AND($N11>='202502'!$E$2,$N11<='202502'!$F$2),'202502'!$G$2,IF(AND($N11>='202502'!$E$3,$N11<='202502'!$F$3),'202502'!$G$3,IF(AND($N11>='202502'!$E$4,$N11<='202502'!$F$4),'202502'!$G$4,IF(AND($N11>='202502'!$E$5,$N11<='202502'!$F$5),'202502'!$G$5,0)))) -> 0
B12: 11637149 | C12: 116371499 | D12: 11637149-9 | E12: ZUÑIGA BAEZA MONICA DEL ROSARIO | F12: 1863659 | G12: 1863659 | H12: 3487550 | I12: 1863659 | J12: 1863659 | K12: 3499576 | L12: =SUM(F12:K12) -> 14441762 | M12: 6 | N12: 2406960 | O12: =IF(AND($N12>='202401'!$E$2,$N12<='202401'!$F$2),'202401'!$I$2,IF(AND($N12>='202401'!$E$3,$N12<='202401'!$F$3),'202401'!$I$3,IF(AND($N12>='202401'!$E$4,$N12<='202401'!$F$4),'202401'!$I$4,IF(AND($N12>='202401'!$E$5,$N12<='202401'!$F$5),'202401'!$I$5,0)))) -> 4 | P12: =IF(AND($N12>='202401'!$E$2,$N12<='202401'!$F$2),'202401'!$G$2,IF(AND($N12>='202401'!$E$3,$N12<='202401'!$F$3),'202401'!$G$3,IF(AND($N12>='202401'!$E$4,$N12<='202401'!$F$4),'202401'!$G$4,IF(AND($N12>='202401'!$E$5,$N12<='202401'!$F$5),'202401'!$G$5,0)))) -> 0 | Q12: =IF(AND($N12>='202501'!$E$2,$N12<='202501'!$F$2),'202501'!$I$2,IF(AND($N12>='202501'!$E$3,$N12<='202501'!$F$3),'202501'!$I$3,IF(AND($N12>='202501'!$E$4,$N12<='202501'!$F$4),'202501'!$I$4,IF(AND($N12>='202501'!$E$5,$N12<='202501'!$F$5),'202501'!$I$5,0)))) -> 4 | R12: =IF(AND($N12>='202501'!$E$2,$N12<='202501'!$F$2),'202501'!$G$2,IF(AND($N12>='202501'!$E$3,$N12<='202501'!$F$3),'202501'!$G$3,IF(AND($N12>='202501'!$E$4,$N12<='202501'!$F$4),'202501'!$G$4,IF(AND($N12>='202501'!$E$5,$N12<='202501'!$F$5),'202501'!$G$5,0)))) -> 0 | S12: =IF(AND($N12>='202502'!$E$2,$N12<='202502'!$F$2),'202502'!$I$2,IF(AND($N12>='202502'!$E$3,$N12<='202502'!$F$3),'202502'!$I$3,IF(AND($N12>='202502'!$E$4,$N12<='202502'!$F$4),'202502'!$I$4,IF(AND($N12>='202502'!$E$5,$N12<='202502'!$F$5),'202502'!$I$5,0)))) -> 4 | T12: =IF(AND($N12>='202502'!$E$2,$N12<='202502'!$F$2),'202502'!$G$2,IF(AND($N12>='202502'!$E$3,$N12<='202502'!$F$3),'202502'!$G$3,IF(AND($N12>='202502'!$E$4,$N12<='202502'!$F$4),'202502'!$G$4,IF(AND($N12>='202502'!$E$5,$N12<='202502'!$F$5),'202502'!$G$5,0)))) -> 0
B13: 15032811 | C13: 15032811K | D13: 15032811-K | E13: ZUMARAN ADARO NICOLAS BERNARDO | F13: 805965 | G13: 805965 | H13: 1479639 | I13: 805965 | J13: 805965 | K13: 1484791 | L13: =SUM(F13:K13) -> 6188290 | M13: 6 | N13: 1031381 | O13: =IF(AND($N13>='202401'!$E$2,$N13<='202401'!$F$2),'202401'!$I$2,IF(AND($N13>='202401'!$E$3,$N13<='202401'!$F$3),'202401'!$I$3,IF(AND($N13>='202401'!$E$4,$N13<='202401'!$F$4),'202401'!$I$4,IF(AND($N13>='202401'!$E$5,$N13<='202401'!$F$5),'202401'!$I$5,0)))) -> 3 | P13: =IF(AND($N13>='202401'!$E$2,$N13<='202401'!$F$2),'202401'!$G$2,IF(AND($N13>='202401'!$E$3,$N13<='202401'!$F$3),'202401'!$G$3,IF(AND($N13>='202401'!$E$4,$N13<='202401'!$F$4),'202401'!$G$4,IF(AND($N13>='202401'!$E$5,$N13<='202401'!$F$5),'202401'!$G$5,0)))) -> 4119 | Q13: =IF(AND($N13>='202501'!$E$2,$N13<='202501'!$F$2),'202501'!$I$2,IF(AND($N13>='202501'!$E$3,$N13<='202501'!$F$3),'202501'!$I$3,IF(AND($N13>='202501'!$E$4,$N13<='202501'!$F$4),'202501'!$I$4,IF(AND($N13>='202501'!$E$5,$N13<='202501'!$F$5),'202501'!$I$5,0)))) -> 3 | R13: =IF(AND($N13>='202501'!$E$2,$N13<='202501'!$F$2),'202501'!$G$2,IF(AND($N13>='202501'!$E$3,$N13<='202501'!$F$3),'202501'!$G$3,IF(AND($N13>='202501'!$E$4,$N13<='202501'!$F$4),'202501'!$G$4,IF(AND($N13>='202501'!$E$5,$N13<='202501'!$F$5),'202501'!$G$5,0)))) -> 4119 | S13: =IF(AND($N13>='202502'!$E$2,$N13<='202502'!$F$2),'202502'!$I$2,IF(AND($N13>='202502'!$E$3,$N13<='202502'!$F$3),'202502'!$I$3,IF(AND($N13>='202502'!$E$4,$N13<='202502'!$F$4),'202502'!$I$4,IF(AND($N13>='202502'!$E$5,$N13<='202502'!$F$5),'202502'!$I$5,0)))) -> 3 | T13: =IF(AND($N13>='202502'!$E$2,$N13<='202502'!$F$2),'202502'!$G$2,IF(AND($N13>='202502'!$E$3,$N13<='202502'!$F$3),'202502'!$G$3,IF(AND($N13>='202502'!$E$4,$N13<='202502'!$F$4),'202502'!$G$4,IF(AND($N13>='202502'!$E$5,$N13<='202502'!$F$5),'202502'!$G$5,0)))) -> 4267
B14: 13548200 | C14: 135482005 | D14: 13548200-5 | E14: ZSCHOCHE VALLE ROSARIO PAZ | F14: 3072176 | G14: 3072176 | H14: 5381438 | I14: 3072176 | J14: 3072176 | K14: 5484123 | L14: =SUM(F14:K14) -> 23154265 | M14: 6 | N14: 3859044 | O14: =IF(AND($N14>='202401'!$E$2,$N14<='202401'!$F$2),'202401'!$I$2,IF(AND($N14>='202401'!$E$3,$N14<='202401'!$F$3),'202401'!$I$3,IF(AND($N14>='202401'!$E$4,$N14<='202401'!$F$4),'202401'!$I$4,IF(AND($N14>='202401'!$E$5,$N14<='202401'!$F$5),'202401'!$I$5,0)))) -> 4 | P14: =IF(AND($N14>='202401'!$E$2,$N14<='202401'!$F$2),'202401'!$G$2,IF(AND($N14>='202401'!$E$3,$N14<='202401'!$F$3),'202401'!$G$3,IF(AND($N14>='202401'!$E$4,$N14<='202401'!$F$4),'202401'!$G$4,IF(AND($N14>='202401'!$E$5,$N14<='202401'!$F$5),'202401'!$G$5,0)))) -> 0 | Q14: =IF(AND($N14>='202501'!$E$2,$N14<='202501'!$F$2),'202501'!$I$2,IF(AND($N14>='202501'!$E$3,$N14<='202501'!$F$3),'202501'!$I$3,IF(AND($N14>='202501'!$E$4,$N14<='202501'!$F$4),'202501'!$I$4,IF(AND($N14>='202501'!$E$5,$N14<='202501'!$F$5),'202501'!$I$5,0)))) -> 4 | R14: =IF(AND($N14>='202501'!$E$2,$N14<='202501'!$F$2),'202501'!$G$2,IF(AND($N14>='202501'!$E$3,$N14<='202501'!$F$3),'202501'!$G$3,IF(AND($N14>='202501'!$E$4,$N14<='202501'!$F$4),'202501'!$G$4,IF(AND($N14>='202501'!$E$5,$N14<='202501'!$F$5),'202501'!$G$5,0)))) -> 0 | S14: =IF(AND($N14>='202502'!$E$2,$N14<='202502'!$F$2),'202502'!$I$2,IF(AND($N14>='202502'!$E$3,$N14<='202502'!$F$3),'202502'!$I$3,IF(AND($N14>='202502'!$E$4,$N14<='202502'!$F$4),'202502'!$I$4,IF(AND($N14>='202502'!$E$5,$N14<='202502'!$F$5),'202502'!$I$5,0)))) -> 4 | T14: =IF(AND($N14>='202502'!$E$2,$N14<='202502'!$F$2),'202502'!$G$2,IF(AND($N14>='202502'!$E$3,$N14<='202502'!$F$3),'202502'!$G$3,IF(AND($N14>='202502'!$E$4,$N14<='202502'!$F$4),'202502'!$G$4,IF(AND($N14>='202502'!$E$5,$N14<='202502'!$F$5),'202502'!$G$5,0)))) -> 0
B15: 16886314 | C15: 168863144 | D15: 16886314-4 | E15: ZEPEDA NAVARRO FRANCISCO JAVIER | F15: 2140352 | G15: 2140352 | H15: 3962582 | I15: 2140352 | J15: 2140352 | K15: 3976323 | L15: =SUM(F15:K15) -> 16500313 | M15: 6 | N15: 2750052 | O15: =IF(AND($N15>='202401'!$E$2,$N15<='202401'!$F$2),'202401'!$I$2,IF(AND($N15>='202401'!$E$3,$N15<='202401'!$F$3),'202401'!$I$3,IF(AND($N15>='202401'!$E$4,$N15<='202401'!$F$4),'202401'!$I$4,IF(AND($N15>='202401'!$E$5,$N15<='202401'!$F$5),'202401'!$I$5,0)))) -> 4 | P15: =IF(AND($N15>='202401'!$E$2,$N15<='202401'!$F$2),'202401'!$G$2,IF(AND($N15>='202401'!$E$3,$N15<='202401'!$F$3),'202401'!$G$3,IF(AND($N15>='202401'!$E$4,$N15<='202401'!$F$4),'202401'!$G$4,IF(AND($N15>='202401'!$E$5,$N15<='202401'!$F$5),'202401'!$G$5,0)))) -> 0 | Q15: =IF(AND($N15>='202501'!$E$2,$N15<='202501'!$F$2),'202501'!$I$2,IF(AND($N15>='202501'!$E$3,$N15<='202501'!$F$3),'202501'!$I$3,IF(AND($N15>='202501'!$E$4,$N15<='202501'!$F$4),'202501'!$I$4,IF(AND($N15>='202501'!$E$5,$N15<='202501'!$F$5),'202501'!$I$5,0)))) -> 4 | R15: =IF(AND($N15>='202501'!$E$2,$N15<='202501'!$F$2),'202501'!$G$2,IF(AND($N15>='202501'!$E$3,$N15<='202501'!$F$3),'202501'!$G$3,IF(AND($N15>='202501'!$E$4,$N15<='202501'!$F$4),'202501'!$G$4,IF(AND($N15>='202501'!$E$5,$N15<='202501'!$F$5),'202501'!$G$5,0)))) -> 0 | S15: =IF(AND($N15>='202502'!$E$2,$N15<='202502'!$F$2),'202502'!$I$2,IF(AND($N15>='202502'!$E$3,$N15<='202502'!$F$3),'202502'!$I$3,IF(AND($N15>='202502'!$E$4,$N15<='202502'!$F$4),'202502'!$I$4,IF(AND($N15>='202502'!$E$5,$N15<='202502'!$F$5),'202502'!$I$5,0)))) -> 4 | T15: =IF(AND($N15>='202502'!$E$2,$N15<='202502'!$F$2),'202502'!$G$2,IF(AND($N15>='202502'!$E$3,$N15<='202502'!$F$3),'202502'!$G$3,IF(AND($N15>='202502'!$E$4,$N15<='202502'!$F$4),'202502'!$G$4,IF(AND($N15>='202502'!$E$5,$N15<='202502'!$F$5),'202502'!$G$5,0)))) -> 0
B16: 13356542 | C16: 133565426 | D16: 13356542-6 | E16: ZEPEDA CASTILLO CRISTIAN | I16: 295605 | L16: =SUM(F16:K16) -> 295605 | M16: 1 | N16: 295605 | O16: =IF(AND($N16>='202401'!$E$2,$N16<='202401'!$F$2),'202401'!$I$2,IF(AND($N16>='202401'!$E$3,$N16<='202401'!$F$3),'202401'!$I$3,IF(AND($N16>='202401'!$E$4,$N16<='202401'!$F$4),'202401'!$I$4,IF(AND($N16>='202401'!$E$5,$N16<='202401'!$F$5),'202401'!$I$5,0)))) -> 1 | P16: =IF(AND($N16>='202401'!$E$2,$N16<='202401'!$F$2),'202401'!$G$2,IF(AND($N16>='202401'!$E$3,$N16<='202401'!$F$3),'202401'!$G$3,IF(AND($N16>='202401'!$E$4,$N16<='202401'!$F$4),'202401'!$G$4,IF(AND($N16>='202401'!$E$5,$N16<='202401'!$F$5),'202401'!$G$5,0)))) -> 21243 | Q16: =IF(AND($N16>='202501'!$E$2,$N16<='202501'!$F$2),'202501'!$I$2,IF(AND($N16>='202501'!$E$3,$N16<='202501'!$F$3),'202501'!$I$3,IF(AND($N16>='202501'!$E$4,$N16<='202501'!$F$4),'202501'!$I$4,IF(AND($N16>='202501'!$E$5,$N16<='202501'!$F$5),'202501'!$I$5,0)))) -> 1 | R16: =IF(AND($N16>='202501'!$E$2,$N16<='202501'!$F$2),'202501'!$G$2,IF(AND($N16>='202501'!$E$3,$N16<='202501'!$F$3),'202501'!$G$3,IF(AND($N16>='202501'!$E$4,$N16<='202501'!$F$4),'202501'!$G$4,IF(AND($N16>='202501'!$E$5,$N16<='202501'!$F$5),'202501'!$G$5,0)))) -> 21243 | S16: =IF(AND($N16>='202502'!$E$2,$N16<='202502'!$F$2),'202502'!$I$2,IF(AND($N16>='202502'!$E$3,$N16<='202502'!$F$3),'202502'!$I$3,IF(AND($N16>='202502'!$E$4,$N16<='202502'!$F$4),'202502'!$I$4,IF(AND($N16>='202502'!$E$5,$N16<='202502'!$F$5),'202502'!$I$5,0)))) -> 1 | T16: =IF(AND($N16>='202502'!$E$2,$N16<='202502'!$F$2),'202502'!$G$2,IF(AND($N16>='202502'!$E$3,$N16<='202502'!$F$3),'202502'!$G$3,IF(AND($N16>='202502'!$E$4,$N16<='202502'!$F$4),'202502'!$G$4,IF(AND($N16>='202502'!$E$5,$N16<='202502'!$F$5),'202502'!$G$5,0)))) -> 22007
B17: 9968254 | C17: 09968254K | D17: 9968254-K | E17: ZEISS CARVALLO ELENA MEGH | F17: 2608096 | G17: 2608096 | H17: 4854805 | I17: 2608096 | J17: 2826314 | K17: 4895875 | L17: =SUM(F17:K17) -> 20401282 | M17: 6 | N17: 3400213 | O17: =IF(AND($N17>='202401'!$E$2,$N17<='202401'!$F$2),'202401'!$I$2,IF(AND($N17>='202401'!$E$3,$N17<='202401'!$F$3),'202401'!$I$3,IF(AND($N17>='202401'!$E$4,$N17<='202401'!$F$4),'202401'!$I$4,IF(AND($N17>='202401'!$E$5,$N17<='202401'!$F$5),'202401'!$I$5,0)))) -> 4 | P17: =IF(AND($N17>='202401'!$E$2,$N17<='202401'!$F$2),'202401'!$G$2,IF(AND($N17>='202401'!$E$3,$N17<='202401'!$F$3),'202401'!$G$3,IF(AND($N17>='202401'!$E$4,$N17<='202401'!$F$4),'202401'!$G$4,IF(AND($N17>='202401'!$E$5,$N17<='202401'!$F$5),'202401'!$G$5,0)))) -> 0 | Q17: =IF(AND($N17>='202501'!$E$2,$N17<='202501'!$F$2),'202501'!$I$2,IF(AND($N17>='202501'!$E$3,$N17<='202501'!$F$3),'202501'!$I$3,IF(AND($N17>='202501'!$E$4,$N17<='202501'!$F$4),'202501'!$I$4,IF(AND($N17>='202501'!$E$5,$N17<='202501'!$F$5),'202501'!$I$5,0)))) -> 4 | R17: =IF(AND($N17>='202501'!$E$2,$N17<='202501'!$F$2),'202501'!$G$2,IF(AND($N17>='202501'!$E$3,$N17<='202501'!$F$3),'202501'!$G$3,IF(AND($N17>='202501'!$E$4,$N17<='202501'!$F$4),'202501'!$G$4,IF(AND($N17>='202501'!$E$5,$N17<='202501'!$F$5),'202501'!$G$5,0)))) -> 0 | S17: =IF(AND($N17>='202502'!$E$2,$N17<='202502'!$F$2),'202502'!$I$2,IF(AND($N17>='202502'!$E$3,$N17<='202502'!$F$3),'202502'!$I$3,IF(AND($N17>='202502'!$E$4,$N17<='202502'!$F$4),'202502'!$I$4,IF(AND($N17>='202502'!$E$5,$N17<='202502'!$F$5),'202502'!$I$5,0)))) -> 4 | T17: =IF(AND($N17>='202502'!$E$2,$N17<='202502'!$F$2),'202502'!$G$2,IF(AND($N17>='202502'!$E$3,$N17<='202502'!$F$3),'202502'!$G$3,IF(AND($N17>='202502'!$E$4,$N17<='202502'!$F$4),'202502'!$G$4,IF(AND($N17>='202502'!$E$5,$N17<='202502'!$F$5),'202502'!$G$5,0)))) -> 0
B18: 17329077 | C18: 173290772 | D18: 17329077-2 | E18: ZAVALA ALLENDE MARÍA IGNACIA | F18: 1848325 | G18: 1848325 | H18: 3499909 | I18: 1848325 | J18: 1848325 | K18: 3511902 | L18: =SUM(F18:K18) -> 14405111 | M18: 6 | N18: 2400851 | O18: =IF(AND($N18>='202401'!$E$2,$N18<='202401'!$F$2),'202401'!$I$2,IF(AND($N18>='202401'!$E$3,$N18<='202401'!$F$3),'202401'!$I$3,IF(AND($N18>='202401'!$E$4,$N18<='202401'!$F$4),'202401'!$I$4,IF(AND($N18>='202401'!$E$5,$N18<='202401'!$F$5),'202401'!$I$5,0)))) -> 4 | P18: =IF(AND($N18>='202401'!$E$2,$N18<='202401'!$F$2),'202401'!$G$2,IF(AND($N18>='202401'!$E$3,$N18<='202401'!$F$3),'202401'!$G$3,IF(AND($N18>='202401'!$E$4,$N18<='202401'!$F$4),'202401'!$G$4,IF(AND($N18>='202401'!$E$5,$N18<='202401'!$F$5),'202401'!$G$5,0)))) -> 0 | Q18: =IF(AND($N18>='202501'!$E$2,$N18<='202501'!$F$2),'202501'!$I$2,IF(AND($N18>='202501'!$E$3,$N18<='202501'!$F$3),'202501'!$I$3,IF(AND($N18>='202501'!$E$4,$N18<='202501'!$F$4),'202501'!$I$4,IF(AND($N18>='202501'!$E$5,$N18<='202501'!$F$5),'202501'!$I$5,0)))) -> 4 | R18: =IF(AND($N18>='202501'!$E$2,$N18<='202501'!$F$2),'202501'!$G$2,IF(AND($N18>='202501'!$E$3,$N18<='202501'!$F$3),'202501'!$G$3,IF(AND($N18>='202501'!$E$4,$N18<='202501'!$F$4),'202501'!$G$4,IF(AND($N18>='202501'!$E$5,$N18<='202501'!$F$5),'202501'!$G$5,0)))) -> 0 | S18: =IF(AND($N18>='202502'!$E$2,$N18<='202502'!$F$2),'202502'!$I$2,IF(AND($N18>='202502'!$E$3,$N18<='202502'!$F$3),'202502'!$I$3,IF(AND($N18>='202502'!$E$4,$N18<='202502'!$F$4),'202502'!$I$4,IF(AND($N18>='202502'!$E$5,$N18<='202502'!$F$5),'202502'!$I$5,0)))) -> 4 | T18: =IF(AND($N18>='202502'!$E$2,$N18<='202502'!$F$2),'202502'!$G$2,IF(AND($N18>='202502'!$E$3,$N18<='202502'!$F$3),'202502'!$G$3,IF(AND($N18>='202502'!$E$4,$N18<='202502'!$F$4),'202502'!$G$4,IF(AND($N18>='202502'!$E$5,$N18<='202502'!$F$5),'202502'!$G$5,0)))) -> 0
B19: 8710097 | C19: 87100979 | D19: 8710097-9 | E19: ZARATE GONZALEZ MIGUEL ANGEL | F19: 2925809 | G19: 2925809 | H19: 5190327 | I19: 2925809 | J19: 2925809 | K19: 5208731 | L19: =SUM(F19:K19) -> 22102294 | M19: 6 | N19: 3683715 | O19: =IF(AND($N19>='202401'!$E$2,$N19<='202401'!$F$2),'202401'!$I$2,IF(AND($N19>='202401'!$E$3,$N19<='202401'!$F$3),'202401'!$I$3,IF(AND($N19>='202401'!$E$4,$N19<='202401'!$F$4),'202401'!$I$4,IF(AND($N19>='202401'!$E$5,$N19<='202401'!$F$5),'202401'!$I$5,0)))) -> 4 | P19: =IF(AND($N19>='202401'!$E$2,$N19<='202401'!$F$2),'202401'!$G$2,IF(AND($N19>='202401'!$E$3,$N19<='202401'!$F$3),'202401'!$G$3,IF(AND($N19>='202401'!$E$4,$N19<='202401'!$F$4),'202401'!$G$4,IF(AND($N19>='202401'!$E$5,$N19<='202401'!$F$5),'202401'!$G$5,0)))) -> 0 | Q19: =IF(AND($N19>='202501'!$E$2,$N19<='202501'!$F$2),'202501'!$I$2,IF(AND($N19>='202501'!$E$3,$N19<='202501'!$F$3),'202501'!$I$3,IF(AND($N19>='202501'!$E$4,$N19<='202501'!$F$4),'202501'!$I$4,IF(AND($N19>='202501'!$E$5,$N19<='202501'!$F$5),'202501'!$I$5,0)))) -> 4 | R19: =IF(AND($N19>='202501'!$E$2,$N19<='202501'!$F$2),'202501'!$G$2,IF(AND($N19>='202501'!$E$3,$N19<='202501'!$F$3),'202501'!$G$3,IF(AND($N19>='202501'!$E$4,$N19<='202501'!$F$4),'202501'!$G$4,IF(AND($N19>='202501'!$E$5,$N19<='202501'!$F$5),'202501'!$G$5,0)))) -> 0 | S19: =IF(AND($N19>='202502'!$E$2,$N19<='202502'!$F$2),'202502'!$I$2,IF(AND($N19>='202502'!$E$3,$N19<='202502'!$F$3),'202502'!$I$3,IF(AND($N19>='202502'!$E$4,$N19<='202502'!$F$4),'202502'!$I$4,IF(AND($N19>='202502'!$E$5,$N19<='202502'!$F$5),'202502'!$I$5,0)))) -> 4 | T19: =IF(AND($N19>='202502'!$E$2,$N19<='202502'!$F$2),'202502'!$G$2,IF(AND($N19>='202502'!$E$3,$N19<='202502'!$F$3),'202502'!$G$3,IF(AND($N19>='202502'!$E$4,$N19<='202502'!$F$4),'202502'!$G$4,IF(AND($N19>='202502'!$E$5,$N19<='202502'!$F$5),'202502'!$G$5,0)))) -> 0
B20: 14453539 | C20: 144535391 | D20: 14453539-1 | E20: ZAMORA MUNITA JUAN MANUEL | F20: 1878601 | G20: 1888693 | H20: 3540277 | I20: 1971449 | J20: 1888693 | K20: 3635228 | L20: =SUM(F20:K20) -> 14802941 | M20: 6 | N20: 2467156 | O20: =IF(AND($N20>='202401'!$E$2,$N20<='202401'!$F$2),'202401'!$I$2,IF(AND($N20>='202401'!$E$3,$N20<='202401'!$F$3),'202401'!$I$3,IF(AND($N20>='202401'!$E$4,$N20<='202401'!$F$4),'202401'!$I$4,IF(AND($N20>='202401'!$E$5,$N20<='202401'!$F$5),'202401'!$I$5,0)))) -> 4 | P20: =IF(AND($N20>='202401'!$E$2,$N20<='202401'!$F$2),'202401'!$G$2,IF(AND($N20>='202401'!$E$3,$N20<='202401'!$F$3),'202401'!$G$3,IF(AND($N20>='202401'!$E$4,$N20<='202401'!$F$4),'202401'!$G$4,IF(AND($N20>='202401'!$E$5,$N20<='202401'!$F$5),'202401'!$G$5,0)))) -> 0 | Q20: =IF(AND($N20>='202501'!$E$2,$N20<='202501'!$F$2),'202501'!$I$2,IF(AND($N20>='202501'!$E$3,$N20<='202501'!$F$3),'202501'!$I$3,IF(AND($N20>='202501'!$E$4,$N20<='202501'!$F$4),'202501'!$I$4,IF(AND($N20>='202501'!$E$5,$N20<='202501'!$F$5),'202501'!$I$5,0)))) -> 4 | R20: =IF(AND($N20>='202501'!$E$2,$N20<='202501'!$F$2),'202501'!$G$2,IF(AND($N20>='202501'!$E$3,$N20<='202501'!$F$3),'202501'!$G$3,IF(AND($N20>='202501'!$E$4,$N20<='202501'!$F$4),'202501'!$G$4,IF(AND($N20>='202501'!$E$5,$N20<='202501'!$F$5),'202501'!$G$5,0)))) -> 0 | S20: =IF(AND($N20>='202502'!$E$2,$N20<='202502'!$F$2),'202502'!$I$2,IF(AND($N20>='202502'!$E$3,$N20<='202502'!$F$3),'202502'!$I$3,IF(AND($N20>='202502'!$E$4,$N20<='202502'!$F$4),'202502'!$I$4,IF(AND($N20>='202502'!$E$5,$N20<='202502'!$F$5),'202502'!$I$5,0)))) -> 4 | T20: =IF(AND($N20>='202502'!$E$2,$N20<='202502'!$F$2),'202502'!$G$2,IF(AND($N20>='202502'!$E$3,$N20<='202502'!$F$3),'202502'!$G$3,IF(AND($N20>='202502'!$E$4,$N20<='202502'!$F$4),'202502'!$G$4,IF(AND($N20>='202502'!$E$5,$N20<='202502'!$F$5),'202502'!$G$5,0)))) -> 0
B21: 16207310 | C21: 162073109 | D21: 16207310-9 | E21: ZAMORA MIRANDA DANIELA ANDREA | F21: 2832346 | G21: 2832346 | H21: 5137684 | I21: 2832346 | J21: 2832346 | K21: 5179971 | L21: =SUM(F21:K21) -> 21647039 | M21: 6 | N21: 3607839 | O21: =IF(AND($N21>='202401'!$E$2,$N21<='202401'!$F$2),'202401'!$I$2,IF(AND($N21>='202401'!$E$3,$N21<='202401'!$F$3),'202401'!$I$3,IF(AND($N21>='202401'!$E$4,$N21<='202401'!$F$4),'202401'!$I$4,IF(AND($N21>='202401'!$E$5,$N21<='202401'!$F$5),'202401'!$I$5,0)))) -> 4 | P21: =IF(AND($N21>='202401'!$E$2,$N21<='202401'!$F$2),'202401'!$G$2,IF(AND($N21>='202401'!$E$3,$N21<='202401'!$F$3),'202401'!$G$3,IF(AND($N21>='202401'!$E$4,$N21<='202401'!$F$4),'202401'!$G$4,IF(AND($N21>='202401'!$E$5,$N21<='202401'!$F$5),'202401'!$G$5,0)))) -> 0 | Q21: =IF(AND($N21>='202501'!$E$2,$N21<='202501'!$F$2),'202501'!$I$2,IF(AND($N21>='202501'!$E$3,$N21<='202501'!$F$3),'202501'!$I$3,IF(AND($N21>='202501'!$E$4,$N21<='202501'!$F$4),'202501'!$I$4,IF(AND($N21>='202501'!$E$5,$N21<='202501'!$F$5),'202501'!$I$5,0)))) -> 4 | R21: =IF(AND($N21>='202501'!$E$2,$N21<='202501'!$F$2),'202501'!$G$2,IF(AND($N21>='202501'!$E$3,$N21<='202501'!$F$3),'202501'!$G$3,IF(AND($N21>='202501'!$E$4,$N21<='202501'!$F$4),'202501'!$G$4,IF(AND($N21>='202501'!$E$5,$N21<='202501'!$F$5),'202501'!$G$5,0)))) -> 0 | S21: =IF(AND($N21>='202502'!$E$2,$N21<='202502'!$F$2),'202502'!$I$2,IF(AND($N21>='202502'!$E$3,$N21<='202502'!$F$3),'202502'!$I$3,IF(AND($N21>='202502'!$E$4,$N21<='202502'!$F$4),'202502'!$I$4,IF(AND($N21>='202502'!$E$5,$N21<='202502'!$F$5),'202502'!$I$5,0)))) -> 4 | T21: =IF(AND($N21>='202502'!$E$2,$N21<='202502'!$F$2),'202502'!$G$2,IF(AND($N21>='202502'!$E$3,$N21<='202502'!$F$3),'202502'!$G$3,IF(AND($N21>='202502'!$E$4,$N21<='202502'!$F$4),'202502'!$G$4,IF(AND($N21>='202502'!$E$5,$N21<='202502'!$F$5),'202502'!$G$5,0)))) -> 0
B22: 20172781 | C22: 201727812 | D22: 20172781-2 | E22: ZAMORA MENDEZ MARIA JOSE | F22: 2181240 | G22: 1387163 | H22: 2330462 | I22: 1387163 | J22: 1387163 | K22: 768277 | L22: =SUM(F22:K22) -> 9441468 | M22: 6 | N22: 1573578 | O22: =IF(AND($N22>='202401'!$E$2,$N22<='202401'!$F$2),'202401'!$I$2,IF(AND($N22>='202401'!$E$3,$N22<='202401'!$F$3),'202401'!$I$3,IF(AND($N22>='202401'!$E$4,$N22<='202401'!$F$4),'202401'!$I$4,IF(AND($N22>='202401'!$E$5,$N22<='202401'!$F$5),'202401'!$I$5,0)))) -> 4 | P22: =IF(AND($N22>='202401'!$E$2,$N22<='202401'!$F$2),'202401'!$G$2,IF(AND($N22>='202401'!$E$3,$N22<='202401'!$F$3),'202401'!$G$3,IF(AND($N22>='202401'!$E$4,$N22<='202401'!$F$4),'202401'!$G$4,IF(AND($N22>='202401'!$E$5,$N22<='202401'!$F$5),'202401'!$G$5,0)))) -> 0 | Q22: =IF(AND($N22>='202501'!$E$2,$N22<='202501'!$F$2),'202501'!$I$2,IF(AND($N22>='202501'!$E$3,$N22<='202501'!$F$3),'202501'!$I$3,IF(AND($N22>='202501'!$E$4,$N22<='202501'!$F$4),'202501'!$I$4,IF(AND($N22>='202501'!$E$5,$N22<='202501'!$F$5),'202501'!$I$5,0)))) -> 4 | R22: =IF(AND($N22>='202501'!$E$2,$N22<='202501'!$F$2),'202501'!$G$2,IF(AND($N22>='202501'!$E$3,$N22<='202501'!$F$3),'202501'!$G$3,IF(AND($N22>='202501'!$E$4,$N22<='202501'!$F$4),'202501'!$G$4,IF(AND($N22>='202501'!$E$5,$N22<='202501'!$F$5),'202501'!$G$5,0)))) -> 0 | S22: =IF(AND($N22>='202502'!$E$2,$N22<='202502'!$F$2),'202502'!$I$2,IF(AND($N22>='202502'!$E$3,$N22<='202502'!$F$3),'202502'!$I$3,IF(AND($N22>='202502'!$E$4,$N22<='202502'!$F$4),'202502'!$I$4,IF(AND($N22>='202502'!$E$5,$N22<='202502'!$F$5),'202502'!$I$5,0)))) -> 4 | T22: =IF(AND($N22>='202502'!$E$2,$N22<='202502'!$F$2),'202502'!$G$2,IF(AND($N22>='202502'!$E$3,$N22<='202502'!$F$3),'202502'!$G$3,IF(AND($N22>='202502'!$E$4,$N22<='202502'!$F$4),'202502'!$G$4,IF(AND($N22>='202502'!$E$5,$N22<='202502'!$F$5),'202502'!$G$5,0)))) -> 0
B23: 15814946 | C23: 15814946K | D23: 15814946-K | E23: ZAMORA HIDALGO VICTOR JOAQUIN | F23: 1065893 | G23: 1246457 | H23: 2086028 | I23: 1065893 | J23: 1065893 | K23: 2093055 | L23: =SUM(F23:K23) -> 8623219 | M23: 6 | N23: 1437203 | O23: =IF(AND($N23>='202401'!$E$2,$N23<='202401'!$F$2),'202401'!$I$2,IF(AND($N23>='202401'!$E$3,$N23<='202401'!$F$3),'202401'!$I$3,IF(AND($N23>='202401'!$E$4,$N23<='202401'!$F$4),'202401'!$I$4,IF(AND($N23>='202401'!$E$5,$N23<='202401'!$F$5),'202401'!$I$5,0)))) -> 4 | P23: =IF(AND($N23>='202401'!$E$2,$N23<='202401'!$F$2),'202401'!$G$2,IF(AND($N23>='202401'!$E$3,$N23<='202401'!$F$3),'202401'!$G$3,IF(AND($N23>='202401'!$E$4,$N23<='202401'!$F$4),'202401'!$G$4,IF(AND($N23>='202401'!$E$5,$N23<='202401'!$F$5),'202401'!$G$5,0)))) -> 0 | Q23: =IF(AND($N23>='202501'!$E$2,$N23<='202501'!$F$2),'202501'!$I$2,IF(AND($N23>='202501'!$E$3,$N23<='202501'!$F$3),'202501'!$I$3,IF(AND($N23>='202501'!$E$4,$N23<='202501'!$F$4),'202501'!$I$4,IF(AND($N23>='202501'!$E$5,$N23<='202501'!$F$5),'202501'!$I$5,0)))) -> 4 | R23: =IF(AND($N23>='202501'!$E$2,$N23<='202501'!$F$2),'202501'!$G$2,IF(AND($N23>='202501'!$E$3,$N23<='202501'!$F$3),'202501'!$G$3,IF(AND($N23>='202501'!$E$4,$N23<='202501'!$F$4),'202501'!$G$4,IF(AND($N23>='202501'!$E$5,$N23<='202501'!$F$5),'202501'!$G$5,0)))) -> 0 | S23: =IF(AND($N23>='202502'!$E$2,$N23<='202502'!$F$2),'202502'!$I$2,IF(AND($N23>='202502'!$E$3,$N23<='202502'!$F$3),'202502'!$I$3,IF(AND($N23>='202502'!$E$4,$N23<='202502'!$F$4),'202502'!$I$4,IF(AND($N23>='202502'!$E$5,$N23<='202502'!$F$5),'202502'!$I$5,0)))) -> 4 | T23: =IF(AND($N23>='202502'!$E$2,$N23<='202502'!$F$2),'202502'!$G$2,IF(AND($N23>='202502'!$E$3,$N23<='202502'!$F$3),'202502'!$G$3,IF(AND($N23>='202502'!$E$4,$N23<='202502'!$F$4),'202502'!$G$4,IF(AND($N23>='202502'!$E$5,$N23<='202502'!$F$5),'202502'!$G$5,0)))) -> 0
B24: 8459999 | C24: 84599999 | D24: 8459999-9 | E24: ZAMBRANO PEREZ GUILLERMINA AMANDA | F24: 1078696 | G24: 1078696 | H24: 1842610 | I24: 1078696 | J24: 1078696 | K24: 1843166 | L24: =SUM(F24:K24) -> 8000560 | M24: 6 | N24: 1333426 | O24: =IF(AND($N24>='202401'!$E$2,$N24<='202401'!$F$2),'202401'!$I$2,IF(AND($N24>='202401'!$E$3,$N24<='202401'!$F$3),'202401'!$I$3,IF(AND($N24>='202401'!$E$4,$N24<='202401'!$F$4),'202401'!$I$4,IF(AND($N24>='202401'!$E$5,$N24<='202401'!$F$5),'202401'!$I$5,0)))) -> 3 | P24: =IF(AND($N24>='202401'!$E$2,$N24<='202401'!$F$2),'202401'!$G$2,IF(AND($N24>='202401'!$E$3,$N24<='202401'!$F$3),'202401'!$G$3,IF(AND($N24>='202401'!$E$4,$N24<='202401'!$F$4),'202401'!$G$4,IF(AND($N24>='202401'!$E$5,$N24<='202401'!$F$5),'202401'!$G$5,0)))) -> 4119 | Q24: =IF(AND($N24>='202501'!$E$2,$N24<='202501'!$F$2),'202501'!$I$2,IF(AND($N24>='202501'!$E$3,$N24<='202501'!$F$3),'202501'!$I$3,IF(AND($N24>='202501'!$E$4,$N24<='202501'!$F$4),'202501'!$I$4,IF(AND($N24>='202501'!$E$5,$N24<='202501'!$F$5),'202501'!$I$5,0)))) -> 3 | R24: =IF(AND($N24>='202501'!$E$2,$N24<='202501'!$F$2),'202501'!$G$2,IF(AND($N24>='202501'!$E$3,$N24<='202501'!$F$3),'202501'!$G$3,IF(AND($N24>='202501'!$E$4,$N24<='202501'!$F$4),'202501'!$G$4,IF(AND($N24>='202501'!$E$5,$N24<='202501'!$F$5),'202501'!$G$5,0)))) -> 4119 | S24: =IF(AND($N24>='202502'!$E$2,$N24<='202502'!$F$2),'202502'!$I$2,IF(AND($N24>='202502'!$E$3,$N24<='202502'!$F$3),'202502'!$I$3,IF(AND($N24>='202502'!$E$4,$N24<='202502'!$F$4),'202502'!$I$4,IF(AND($N24>='202502'!$E$5,$N24<='202502'!$F$5),'202502'!$I$5,0)))) -> 3 | T24: =IF(AND($N24>='202502'!$E$2,$N24<='202502'!$F$2),'202502'!$G$2,IF(AND($N24>='202502'!$E$3,$N24<='202502'!$F$3),'202502'!$G$3,IF(AND($N24>='202502'!$E$4,$N24<='202502'!$F$4),'202502'!$G$4,IF(AND($N24>='202502'!$E$5,$N24<='202502'!$F$5),'202502'!$G$5,0)))) -> 4267
B25: 19036924 | C25: 190369242 | D25: 19036924-2 | E25: ZAGAL PIZARRO ANTONIO | J25: 2339070 | K25: 2062232 | L25: =SUM(F25:K25) -> 4401302 | M25: 2 | N25: 2200651 | O25: =IF(AND($N25>='202401'!$E$2,$N25<='202401'!$F$2),'202401'!$I$2,IF(AND($N25>='202401'!$E$3,$N25<='202401'!$F$3),'202401'!$I$3,IF(AND($N25>='202401'!$E$4,$N25<='202401'!$F$4),'202401'!$I$4,IF(AND($N25>='202401'!$E$5,$N25<='202401'!$F$5),'202401'!$I$5,0)))) -> 4 | P25: =IF(AND($N25>='202401'!$E$2,$N25<='202401'!$F$2),'202401'!$G$2,IF(AND($N25>='202401'!$E$3,$N25<='202401'!$F$3),'202401'!$G$3,IF(AND($N25>='202401'!$E$4,$N25<='202401'!$F$4),'202401'!$G$4,IF(AND($N25>='202401'!$E$5,$N25<='202401'!$F$5),'202401'!$G$5,0)))) -> 0 | Q25: =IF(AND($N25>='202501'!$E$2,$N25<='202501'!$F$2),'202501'!$I$2,IF(AND($N25>='202501'!$E$3,$N25<='202501'!$F$3),'202501'!$I$3,IF(AND($N25>='202501'!$E$4,$N25<='202501'!$F$4),'202501'!$I$4,IF(AND($N25>='202501'!$E$5,$N25<='202501'!$F$5),'202501'!$I$5,0)))) -> 4 | R25: =IF(AND($N25>='202501'!$E$2,$N25<='202501'!$F$2),'202501'!$G$2,IF(AND($N25>='202501'!$E$3,$N25<='202501'!$F$3),'202501'!$G$3,IF(AND($N25>='202501'!$E$4,$N25<='202501'!$F$4),'202501'!$G$4,IF(AND($N25>='202501'!$E$5,$N25<='202501'!$F$5),'202501'!$G$5,0)))) -> 0 | S25: =IF(AND($N25>='202502'!$E$2,$N25<='202502'!$F$2),'202502'!$I$2,IF(AND($N25>='202502'!$E$3,$N25<='202502'!$F$3),'202502'!$I$3,IF(AND($N25>='202502'!$E$4,$N25<='202502'!$F$4),'202502'!$I$4,IF(AND($N25>='202502'!$E$5,$N25<='202502'!$F$5),'202502'!$I$5,0)))) -> 4 | T25: =IF(AND($N25>='202502'!$E$2,$N25<='202502'!$F$2),'202502'!$G$2,IF(AND($N25>='202502'!$E$3,$N25<='202502'!$F$3),'202502'!$G$3,IF(AND($N25>='202502'!$E$4,$N25<='202502'!$F$4),'202502'!$G$4,IF(AND($N25>='202502'!$E$5,$N25<='202502'!$F$5),'202502'!$G$5,0)))) -> 0
B26: 15405794 | C26: 154057943 | D26: 15405794-3 | E26: ZABALA MADRID SEBASTIAN | F26: 1731939 | G26: 1731939 | H26: 2834092 | I26: 1731939 | J26: 1731939 | K26: 2844590 | L26: =SUM(F26:K26) -> 12606438 | M26: 6 | N26: 2101073 | O26: =IF(AND($N26>='202401'!$E$2,$N26<='202401'!$F$2),'202401'!$I$2,IF(AND($N26>='202401'!$E$3,$N26<='202401'!$F$3),'202401'!$I$3,IF(AND($N26>='202401'!$E$4,$N26<='202401'!$F$4),'202401'!$I$4,IF(AND($N26>='202401'!$E$5,$N26<='202401'!$F$5),'202401'!$I$5,0)))) -> 4 | P26: =IF(AND($N26>='202401'!$E$2,$N26<='202401'!$F$2),'202401'!$G$2,IF(AND($N26>='202401'!$E$3,$N26<='202401'!$F$3),'202401'!$G$3,IF(AND($N26>='202401'!$E$4,$N26<='202401'!$F$4),'202401'!$G$4,IF(AND($N26>='202401'!$E$5,$N26<='202401'!$F$5),'202401'!$G$5,0)))) -> 0 | Q26: =IF(AND($N26>='202501'!$E$2,$N26<='202501'!$F$2),'202501'!$I$2,IF(AND($N26>='202501'!$E$3,$N26<='202501'!$F$3),'202501'!$I$3,IF(AND($N26>='202501'!$E$4,$N26<='202501'!$F$4),'202501'!$I$4,IF(AND($N26>='202501'!$E$5,$N26<='202501'!$F$5),'202501'!$I$5,0)))) -> 4 | R26: =IF(AND($N26>='202501'!$E$2,$N26<='202501'!$F$2),'202501'!$G$2,IF(AND($N26>='202501'!$E$3,$N26<='202501'!$F$3),'202501'!$G$3,IF(AND($N26>='202501'!$E$4,$N26<='202501'!$F$4),'202501'!$G$4,IF(AND($N26>='202501'!$E$5,$N26<='202501'!$F$5),'202501'!$G$5,0)))) -> 0 | S26: =IF(AND($N26>='202502'!$E$2,$N26<='202502'!$F$2),'202502'!$I$2,IF(AND($N26>='202502'!$E$3,$N26<='202502'!$F$3),'202502'!$I$3,IF(AND($N26>='202502'!$E$4,$N26<='202502'!$F$4),'202502'!$I$4,IF(AND($N26>='202502'!$E$5,$N26<='202502'!$F$5),'202502'!$I$5,0)))) -> 4 | T26: =IF(AND($N26>='202502'!$E$2,$N26<='202502'!$F$2),'202502'!$G$2,IF(AND($N26>='202502'!$E$3,$N26<='202502'!$F$3),'202502'!$G$3,IF(AND($N26>='202502'!$E$4,$N26<='202502'!$F$4),'202502'!$G$4,IF(AND($N26>='202502'!$E$5,$N26<='202502'!$F$5),'202502'!$G$5,0)))) -> 0
B27: 13786691 | C27: 137866919 | D27: 13786691-9 | E27: YAÑEZ SANCHEZ CLAUDIA ANDREA | F27: 1878601 | G27: 1878601 | H27: 3530185 | I27: 1919979 | J27: 1888693 | K27: 3593850 | L27: =SUM(F27:K27) -> 14689909 | M27: 6 | N27: 2448318 | O27: =IF(AND($N27>='202401'!$E$2,$N27<='202401'!$F$2),'202401'!$I$2,IF(AND($N27>='202401'!$E$3,$N27<='202401'!$F$3),'202401'!$I$3,IF(AND($N27>='202401'!$E$4,$N27<='202401'!$F$4),'202401'!$I$4,IF(AND($N27>='202401'!$E$5,$N27<='202401'!$F$5),'202401'!$I$5,0)))) -> 4 | P27: =IF(AND($N27>='202401'!$E$2,$N27<='202401'!$F$2),'202401'!$G$2,IF(AND($N27>='202401'!$E$3,$N27<='202401'!$F$3),'202401'!$G$3,IF(AND($N27>='202401'!$E$4,$N27<='202401'!$F$4),'202401'!$G$4,IF(AND($N27>='202401'!$E$5,$N27<='202401'!$F$5),'202401'!$G$5,0)))) -> 0 | Q27: =IF(AND($N27>='202501'!$E$2,$N27<='202501'!$F$2),'202501'!$I$2,IF(AND($N27>='202501'!$E$3,$N27<='202501'!$F$3),'202501'!$I$3,IF(AND($N27>='202501'!$E$4,$N27<='202501'!$F$4),'202501'!$I$4,IF(AND($N27>='202501'!$E$5,$N27<='202501'!$F$5),'202501'!$I$5,0)))) -> 4 | R27: =IF(AND($N27>='202501'!$E$2,$N27<='202501'!$F$2),'202501'!$G$2,IF(AND($N27>='202501'!$E$3,$N27<='202501'!$F$3),'202501'!$G$3,IF(AND($N27>='202501'!$E$4,$N27<='202501'!$F$4),'202501'!$G$4,IF(AND($N27>='202501'!$E$5,$N27<='202501'!$F$5),'202501'!$G$5,0)))) -> 0 | S27: =IF(AND($N27>='202502'!$E$2,$N27<='202502'!$F$2),'202502'!$I$2,IF(AND($N27>='202502'!$E$3,$N27<='202502'!$F$3),'202502'!$I$3,IF(AND($N27>='202502'!$E$4,$N27<='202502'!$F$4),'202502'!$I$4,IF(AND($N27>='202502'!$E$5,$N27<='202502'!$F$5),'202502'!$I$5,0)))) -> 4 | T27: =IF(AND($N27>='202502'!$E$2,$N27<='202502'!$F$2),'202502'!$G$2,IF(AND($N27>='202502'!$E$3,$N27<='202502'!$F$3),'202502'!$G$3,IF(AND($N27>='202502'!$E$4,$N27<='202502'!$F$4),'202502'!$G$4,IF(AND($N27>='202502'!$E$5,$N27<='202502'!$F$5),'202502'!$G$5,0)))) -> 0
B28: 13539079 | C28: 135390798 | D28: 13539079-8 | E28: VOISIER CABALLERIA SANDRA ARLETTE | F28: 2230436 | G28: 2230436 | H28: 4490731 | I28: 2230436 | J28: 2230436 | K28: 4504592 | L28: =SUM(F28:K28) -> 17917067 | M28: 6 | N28: 2986177 | O28: =IF(AND($N28>='202401'!$E$2,$N28<='202401'!$F$2),'202401'!$I$2,IF(AND($N28>='202401'!$E$3,$N28<='202401'!$F$3),'202401'!$I$3,IF(AND($N28>='202401'!$E$4,$N28<='202401'!$F$4),'202401'!$I$4,IF(AND($N28>='202401'!$E$5,$N28<='202401'!$F$5),'202401'!$I$5,0)))) -> 4 | P28: =IF(AND($N28>='202401'!$E$2,$N28<='202401'!$F$2),'202401'!$G$2,IF(AND($N28>='202401'!$E$3,$N28<='202401'!$F$3),'202401'!$G$3,IF(AND($N28>='202401'!$E$4,$N28<='202401'!$F$4),'202401'!$G$4,IF(AND($N28>='202401'!$E$5,$N28<='202401'!$F$5),'202401'!$G$5,0)))) -> 0 | Q28: =IF(AND($N28>='202501'!$E$2,$N28<='202501'!$F$2),'202501'!$I$2,IF(AND($N28>='202501'!$E$3,$N28<='202501'!$F$3),'202501'!$I$3,IF(AND($N28>='202501'!$E$4,$N28<='202501'!$F$4),'202501'!$I$4,IF(AND($N28>='202501'!$E$5,$N28<='202501'!$F$5),'202501'!$I$5,0)))) -> 4 | R28: =IF(AND($N28>='202501'!$E$2,$N28<='202501'!$F$2),'202501'!$G$2,IF(AND($N28>='202501'!$E$3,$N28<='202501'!$F$3),'202501'!$G$3,IF(AND($N28>='202501'!$E$4,$N28<='202501'!$F$4),'202501'!$G$4,IF(AND($N28>='202501'!$E$5,$N28<='202501'!$F$5),'202501'!$G$5,0)))) -> 0 | S28: =IF(AND($N28>='202502'!$E$2,$N28<='202502'!$F$2),'202502'!$I$2,IF(AND($N28>='202502'!$E$3,$N28<='202502'!$F$3),'202502'!$I$3,IF(AND($N28>='202502'!$E$4,$N28<='202502'!$F$4),'202502'!$I$4,IF(AND($N28>='202502'!$E$5,$N28<='202502'!$F$5),'202502'!$I$5,0)))) -> 4 | T28: =IF(AND($N28>='202502'!$E$2,$N28<='202502'!$F$2),'202502'!$G$2,IF(AND($N28>='202502'!$E$3,$N28<='202502'!$F$3),'202502'!$G$3,IF(AND($N28>='202502'!$E$4,$N28<='202502'!$F$4),'202502'!$G$4,IF(AND($N28>='202502'!$E$5,$N28<='202502'!$F$5),'202502'!$G$5,0)))) -> 0
B29: 10540472 | C29: 105404727 | D29: 10540472-7 | E29: VIVANCO VERDUGO MARIA EUGENIA | F29: 1223283 | G29: 1223283 | H29: 2571074 | I29: 1223283 | J29: 1223283 | K29: 2578891 | L29: =SUM(F29:K29) -> 10043097 | M29: 6 | N29: 1673849 | O29: =IF(AND($N29>='202401'!$E$2,$N29<='202401'!$F$2),'202401'!$I$2,IF(AND($N29>='202401'!$E$3,$N29<='202401'!$F$3),'202401'!$I$3,IF(AND($N29>='202401'!$E$4,$N29<='202401'!$F$4),'202401'!$I$4,IF(AND($N29>='202401'!$E$5,$N29<='202401'!$F$5),'202401'!$I$5,0)))) -> 4 | P29: =IF(AND($N29>='202401'!$E$2,$N29<='202401'!$F$2),'202401'!$G$2,IF(AND($N29>='202401'!$E$3,$N29<='202401'!$F$3),'202401'!$G$3,IF(AND($N29>='202401'!$E$4,$N29<='202401'!$F$4),'202401'!$G$4,IF(AND($N29>='202401'!$E$5,$N29<='202401'!$F$5),'202401'!$G$5,0)))) -> 0 | Q29: =IF(AND($N29>='202501'!$E$2,$N29<='202501'!$F$2),'202501'!$I$2,IF(AND($N29>='202501'!$E$3,$N29<='202501'!$F$3),'202501'!$I$3,IF(AND($N29>='202501'!$E$4,$N29<='202501'!$F$4),'202501'!$I$4,IF(AND($N29>='202501'!$E$5,$N29<='202501'!$F$5),'202501'!$I$5,0)))) -> 4 | R29: =IF(AND($N29>='202501'!$E$2,$N29<='202501'!$F$2),'202501'!$G$2,IF(AND($N29>='202501'!$E$3,$N29<='202501'!$F$3),'202501'!$G$3,IF(AND($N29>='202501'!$E$4,$N29<='202501'!$F$4),'202501'!$G$4,IF(AND($N29>='202501'!$E$5,$N29<='202501'!$F$5),'202501'!$G$5,0)))) -> 0 | S29: =IF(AND($N29>='202502'!$E$2,$N29<='202502'!$F$2),'202502'!$I$2,IF(AND($N29>='202502'!$E$3,$N29<='202502'!$F$3),'202502'!$I$3,IF(AND($N29>='202502'!$E$4,$N29<='202502'!$F$4),'202502'!$I$4,IF(AND($N29>='202502'!$E$5,$N29<='202502'!$F$5),'202502'!$I$5,0)))) -> 4 | T29: =IF(AND($N29>='202502'!$E$2,$N29<='202502'!$F$2),'202502'!$G$2,IF(AND($N29>='202502'!$E$3,$N29<='202502'!$F$3),'202502'!$G$3,IF(AND($N29>='202502'!$E$4,$N29<='202502'!$F$4),'202502'!$G$4,IF(AND($N29>='202502'!$E$5,$N29<='202502'!$F$5),'202502'!$G$5,0)))) -> 0
B30: 9761682 | C30: 97616825 | D30: 9761682-5 | E30: VILLIBAR ARRIAGADA ELINA JOHANNA | F30: 1932934 | G30: 1932934 | H30: 3216421 | I30: 1932934 | J30: 1932934 | K30: 3228225 | L30: =SUM(F30:K30) -> 14176382 | M30: 6 | N30: 2362730 | O30: =IF(AND($N30>='202401'!$E$2,$N30<='202401'!$F$2),'202401'!$I$2,IF(AND($N30>='202401'!$E$3,$N30<='202401'!$F$3),'202401'!$I$3,IF(AND($N30>='202401'!$E$4,$N30<='202401'!$F$4),'202401'!$I$4,IF(AND($N30>='202401'!$E$5,$N30<='202401'!$F$5),'202401'!$I$5,0)))) -> 4 | P30: =IF(AND($N30>='202401'!$E$2,$N30<='202401'!$F$2),'202401'!$G$2,IF(AND($N30>='202401'!$E$3,$N30<='202401'!$F$3),'202401'!$G$3,IF(AND($N30>='202401'!$E$4,$N30<='202401'!$F$4),'202401'!$G$4,IF(AND($N30>='202401'!$E$5,$N30<='202401'!$F$5),'202401'!$G$5,0)))) -> 0 | Q30: =IF(AND($N30>='202501'!$E$2,$N30<='202501'!$F$2),'202501'!$I$2,IF(AND($N30>='202501'!$E$3,$N30<='202501'!$F$3),'202501'!$I$3,IF(AND($N30>='202501'!$E$4,$N30<='202501'!$F$4),'202501'!$I$4,IF(AND($N30>='202501'!$E$5,$N30<='202501'!$F$5),'202501'!$I$5,0)))) -> 4 | R30: =IF(AND($N30>='202501'!$E$2,$N30<='202501'!$F$2),'202501'!$G$2,IF(AND($N30>='202501'!$E$3,$N30<='202501'!$F$3),'202501'!$G$3,IF(AND($N30>='202501'!$E$4,$N30<='202501'!$F$4),'202501'!$G$4,IF(AND($N30>='202501'!$E$5,$N30<='202501'!$F$5),'202501'!$G$5,0)))) -> 0 | S30: =IF(AND($N30>='202502'!$E$2,$N30<='202502'!$F$2),'202502'!$I$2,IF(AND($N30>='202502'!$E$3,$N30<='202502'!$F$3),'202502'!$I$3,IF(AND($N30>='202502'!$E$4,$N30<='202502'!$F$4),'202502'!$I$4,IF(AND($N30>='202502'!$E$5,$N30<='202502'!$F$5),'202502'!$I$5,0)))) -> 4 | T30: =IF(AND($N30>='202502'!$E$2,$N30<='202502'!$F$2),'202502'!$G$2,IF(AND($N30>='202502'!$E$3,$N30<='202502'!$F$3),'202502'!$G$3,IF(AND($N30>='202502'!$E$4,$N30<='202502'!$F$4),'202502'!$G$4,IF(AND($N30>='202502'!$E$5,$N30<='202502'!$F$5),'202502'!$G$5,0)))) -> 0
B31: 16224830 | C31: 162248308 | D31: 16224830-8 | E31: VILLEGAS ROBERTSON CARLOS FELIPE | F31: 2237066 | G31: 2237066 | H31: 4012341 | I31: 2237066 | J31: 2237066 | K31: 4027591 | L31: =SUM(F31:K31) -> 16988196 | M31: 6 | N31: 2831366 | O31: =IF(AND($N31>='202401'!$E$2,$N31<='202401'!$F$2),'202401'!$I$2,IF(AND($N31>='202401'!$E$3,$N31<='202401'!$F$3),'202401'!$I$3,IF(AND($N31>='202401'!$E$4,$N31<='202401'!$F$4),'202401'!$I$4,IF(AND($N31>='202401'!$E$5,$N31<='202401'!$F$5),'202401'!$I$5,0)))) -> 4 | P31: =IF(AND($N31>='202401'!$E$2,$N31<='202401'!$F$2),'202401'!$G$2,IF(AND($N31>='202401'!$E$3,$N31<='202401'!$F$3),'202401'!$G$3,IF(AND($N31>='202401'!$E$4,$N31<='202401'!$F$4),'202401'!$G$4,IF(AND($N31>='202401'!$E$5,$N31<='202401'!$F$5),'202401'!$G$5,0)))) -> 0 | Q31: =IF(AND($N31>='202501'!$E$2,$N31<='202501'!$F$2),'202501'!$I$2,IF(AND($N31>='202501'!$E$3,$N31<='202501'!$F$3),'202501'!$I$3,IF(AND($N31>='202501'!$E$4,$N31<='202501'!$F$4),'202501'!$I$4,IF(AND($N31>='202501'!$E$5,$N31<='202501'!$F$5),'202501'!$I$5,0)))) -> 4 | R31: =IF(AND($N31>='202501'!$E$2,$N31<='202501'!$F$2),'202501'!$G$2,IF(AND($N31>='202501'!$E$3,$N31<='202501'!$F$3),'202501'!$G$3,IF(AND($N31>='202501'!$E$4,$N31<='202501'!$F$4),'202501'!$G$4,IF(AND($N31>='202501'!$E$5,$N31<='202501'!$F$5),'202501'!$G$5,0)))) -> 0 | S31: =IF(AND($N31>='202502'!$E$2,$N31<='202502'!$F$2),'202502'!$I$2,IF(AND($N31>='202502'!$E$3,$N31<='202502'!$F$3),'202502'!$I$3,IF(AND($N31>='202502'!$E$4,$N31<='202502'!$F$4),'202502'!$I$4,IF(AND($N31>='202502'!$E$5,$N31<='202502'!$F$5),'202502'!$I$5,0)))) -> 4 | T31: =IF(AND($N31>='202502'!$E$2,$N31<='202502'!$F$2),'202502'!$G$2,IF(AND($N31>='202502'!$E$3,$N31<='202502'!$F$3),'202502'!$G$3,IF(AND($N31>='202502'!$E$4,$N31<='202502'!$F$4),'202502'!$G$4,IF(AND($N31>='202502'!$E$5,$N31<='202502'!$F$5),'202502'!$G$5,0)))) -> 0
B32: 19375073 | C32: 193750737 | D32: 19375073-7 | E32: VILLEGAS BERMEO NICOLAS ANDRES | F32: 1731939 | G32: 1731939 | H32: 2966351 | I32: 1731939 | J32: 1674208 | K32: 2963353 | L32: =SUM(F32:K32) -> 12799729 | M32: 6 | N32: 2133288 | O32: =IF(AND($N32>='202401'!$E$2,$N32<='202401'!$F$2),'202401'!$I$2,IF(AND($N32>='202401'!$E$3,$N32<='202401'!$F$3),'202401'!$I$3,IF(AND($N32>='202401'!$E$4,$N32<='202401'!$F$4),'202401'!$I$4,IF(AND($N32>='202401'!$E$5,$N32<='202401'!$F$5),'202401'!$I$5,0)))) -> 4 | P32: =IF(AND($N32>='202401'!$E$2,$N32<='202401'!$F$2),'202401'!$G$2,IF(AND($N32>='202401'!$E$3,$N32<='202401'!$F$3),'202401'!$G$3,IF(AND($N32>='202401'!$E$4,$N32<='202401'!$F$4),'202401'!$G$4,IF(AND($N32>='202401'!$E$5,$N32<='202401'!$F$5),'202401'!$G$5,0)))) -> 0 | Q32: =IF(AND($N32>='202501'!$E$2,$N32<='202501'!$F$2),'202501'!$I$2,IF(AND($N32>='202501'!$E$3,$N32<='202501'!$F$3),'202501'!$I$3,IF(AND($N32>='202501'!$E$4,$N32<='202501'!$F$4),'202501'!$I$4,IF(AND($N32>='202501'!$E$5,$N32<='202501'!$F$5),'202501'!$I$5,0)))) -> 4 | R32: =IF(AND($N32>='202501'!$E$2,$N32<='202501'!$F$2),'202501'!$G$2,IF(AND($N32>='202501'!$E$3,$N32<='202501'!$F$3),'202501'!$G$3,IF(AND($N32>='202501'!$E$4,$N32<='202501'!$F$4),'202501'!$G$4,IF(AND($N32>='202501'!$E$5,$N32<='202501'!$F$5),'202501'!$G$5,0)))) -> 0 | S32: =IF(AND($N32>='202502'!$E$2,$N32<='202502'!$F$2),'202502'!$I$2,IF(AND($N32>='202502'!$E$3,$N32<='202502'!$F$3),'202502'!$I$3,IF(AND($N32>='202502'!$E$4,$N32<='202502'!$F$4),'202502'!$I$4,IF(AND($N32>='202502'!$E$5,$N32<='202502'!$F$5),'202502'!$I$5,0)))) -> 4 | T32: =IF(AND($N32>='202502'!$E$2,$N32<='202502'!$F$2),'202502'!$G$2,IF(AND($N32>='202502'!$E$3,$N32<='202502'!$F$3),'202502'!$G$3,IF(AND($N32>='202502'!$E$4,$N32<='202502'!$F$4),'202502'!$G$4,IF(AND($N32>='202502'!$E$5,$N32<='202502'!$F$5),'202502'!$G$5,0)))) -> 0
B33: 16301321 | C33: 163013215 | D33: 16301321-5 | E33: VILLAVICENCIO MANRIQUEZ FERNANDA | F33: 2140352 | G33: 2152123 | H33: 4113442 | I33: 2152123 | J33: 2152123 | K33: 4127473 | L33: =SUM(F33:K33) -> 16837636 | M33: 6 | N33: 2806272 | O33: =IF(AND($N33>='202401'!$E$2,$N33<='202401'!$F$2),'202401'!$I$2,IF(AND($N33>='202401'!$E$3,$N33<='202401'!$F$3),'202401'!$I$3,IF(AND($N33>='202401'!$E$4,$N33<='202401'!$F$4),'202401'!$I$4,IF(AND($N33>='202401'!$E$5,$N33<='202401'!$F$5),'202401'!$I$5,0)))) -> 4 | P33: =IF(AND($N33>='202401'!$E$2,$N33<='202401'!$F$2),'202401'!$G$2,IF(AND($N33>='202401'!$E$3,$N33<='202401'!$F$3),'202401'!$G$3,IF(AND($N33>='202401'!$E$4,$N33<='202401'!$F$4),'202401'!$G$4,IF(AND($N33>='202401'!$E$5,$N33<='202401'!$F$5),'202401'!$G$5,0)))) -> 0 | Q33: =IF(AND($N33>='202501'!$E$2,$N33<='202501'!$F$2),'202501'!$I$2,IF(AND($N33>='202501'!$E$3,$N33<='202501'!$F$3),'202501'!$I$3,IF(AND($N33>='202501'!$E$4,$N33<='202501'!$F$4),'202501'!$I$4,IF(AND($N33>='202501'!$E$5,$N33<='202501'!$F$5),'202501'!$I$5,0)))) -> 4 | R33: =IF(AND($N33>='202501'!$E$2,$N33<='202501'!$F$2),'202501'!$G$2,IF(AND($N33>='202501'!$E$3,$N33<='202501'!$F$3),'202501'!$G$3,IF(AND($N33>='202501'!$E$4,$N33<='202501'!$F$4),'202501'!$G$4,IF(AND($N33>='202501'!$E$5,$N33<='202501'!$F$5),'202501'!$G$5,0)))) -> 0 | S33: =IF(AND($N33>='202502'!$E$2,$N33<='202502'!$F$2),'202502'!$I$2,IF(AND($N33>='202502'!$E$3,$N33<='202502'!$F$3),'202502'!$I$3,IF(AND($N33>='202502'!$E$4,$N33<='202502'!$F$4),'202502'!$I$4,IF(AND($N33>='202502'!$E$5,$N33<='202502'!$F$5),'202502'!$I$5,0)))) -> 4 | T33: =IF(AND($N33>='202502'!$E$2,$N33<='202502'!$F$2),'202502'!$G$2,IF(AND($N33>='202502'!$E$3,$N33<='202502'!$F$3),'202502'!$G$3,IF(AND($N33>='202502'!$E$4,$N33<='202502'!$F$4),'202502'!$G$4,IF(AND($N33>='202502'!$E$5,$N33<='202502'!$F$5),'202502'!$G$5,0)))) -> 0
B34: 9412359 | C34: 94123593 | D34: 9412359-3 | E34: VILLARROEL ROCO CAROLINA CLAUDIA | F34: 2010710 | G34: 2010710 | H34: 3810455 | I34: 2010710 | J34: 2180222 | K34: 3823509 | L34: =SUM(F34:K34) -> 15846316 | M34: 6 | N34: 2641052 | O34: =IF(AND($N34>='202401'!$E$2,$N34<='202401'!$F$2),'202401'!$I$2,IF(AND($N34>='202401'!$E$3,$N34<='202401'!$F$3),'202401'!$I$3,IF(AND($N34>='202401'!$E$4,$N34<='202401'!$F$4),'202401'!$I$4,IF(AND($N34>='202401'!$E$5,$N34<='202401'!$F$5),'202401'!$I$5,0)))) -> 4 | P34: =IF(AND($N34>='202401'!$E$2,$N34<='202401'!$F$2),'202401'!$G$2,IF(AND($N34>='202401'!$E$3,$N34<='202401'!$F$3),'202401'!$G$3,IF(AND($N34>='202401'!$E$4,$N34<='202401'!$F$4),'202401'!$G$4,IF(AND($N34>='202401'!$E$5,$N34<='202401'!$F$5),'202401'!$G$5,0)))) -> 0 | Q34: =IF(AND($N34>='202501'!$E$2,$N34<='202501'!$F$2),'202501'!$I$2,IF(AND($N34>='202501'!$E$3,$N34<='202501'!$F$3),'202501'!$I$3,IF(AND($N34>='202501'!$E$4,$N34<='202501'!$F$4),'202501'!$I$4,IF(AND($N34>='202501'!$E$5,$N34<='202501'!$F$5),'202501'!$I$5,0)))) -> 4 | R34: =IF(AND($N34>='202501'!$E$2,$N34<='202501'!$F$2),'202501'!$G$2,IF(AND($N34>='202501'!$E$3,$N34<='202501'!$F$3),'202501'!$G$3,IF(AND($N34>='202501'!$E$4,$N34<='202501'!$F$4),'202501'!$G$4,IF(AND($N34>='202501'!$E$5,$N34<='202501'!$F$5),'202501'!$G$5,0)))) -> 0 | S34: =IF(AND($N34>='202502'!$E$2,$N34<='202502'!$F$2),'202502'!$I$2,IF(AND($N34>='202502'!$E$3,$N34<='202502'!$F$3),'202502'!$I$3,IF(AND($N34>='202502'!$E$4,$N34<='202502'!$F$4),'202502'!$I$4,IF(AND($N34>='202502'!$E$5,$N34<='202502'!$F$5),'202502'!$I$5,0)))) -> 4 | T34: =IF(AND($N34>='202502'!$E$2,$N34<='202502'!$F$2),'202502'!$G$2,IF(AND($N34>='202502'!$E$3,$N34<='202502'!$F$3),'202502'!$G$3,IF(AND($N34>='202502'!$E$4,$N34<='202502'!$F$4),'202502'!$G$4,IF(AND($N34>='202502'!$E$5,$N34<='202502'!$F$5),'202502'!$G$5,0)))) -> 0
B35: 11598050 | C35: 115980505 | D35: 11598050-5 | E35: VILLARROEL PINILLA CARLOS ALBERTO | F35: 1311734 | G35: 1311734 | H35: 2522175 | I35: 1311734 | J35: 1311734 | K35: 2530358 | L35: =SUM(F35:K35) -> 10299469 | M35: 6 | N35: 1716578 | O35: =IF(AND($N35>='202401'!$E$2,$N35<='202401'!$F$2),'202401'!$I$2,IF(AND($N35>='202401'!$E$3,$N35<='202401'!$F$3),'202401'!$I$3,IF(AND($N35>='202401'!$E$4,$N35<='202401'!$F$4),'202401'!$I$4,IF(AND($N35>='202401'!$E$5,$N35<='202401'!$F$5),'202401'!$I$5,0)))) -> 4 | P35: =IF(AND($N35>='202401'!$E$2,$N35<='202401'!$F$2),'202401'!$G$2,IF(AND($N35>='202401'!$E$3,$N35<='202401'!$F$3),'202401'!$G$3,IF(AND($N35>='202401'!$E$4,$N35<='202401'!$F$4),'202401'!$G$4,IF(AND($N35>='202401'!$E$5,$N35<='202401'!$F$5),'202401'!$G$5,0)))) -> 0 | Q35: =IF(AND($N35>='202501'!$E$2,$N35<='202501'!$F$2),'202501'!$I$2,IF(AND($N35>='202501'!$E$3,$N35<='202501'!$F$3),'202501'!$I$3,IF(AND($N35>='202501'!$E$4,$N35<='202501'!$F$4),'202501'!$I$4,IF(AND($N35>='202501'!$E$5,$N35<='202501'!$F$5),'202501'!$I$5,0)))) -> 4 | R35: =IF(AND($N35>='202501'!$E$2,$N35<='202501'!$F$2),'202501'!$G$2,IF(AND($N35>='202501'!$E$3,$N35<='202501'!$F$3),'202501'!$G$3,IF(AND($N35>='202501'!$E$4,$N35<='202501'!$F$4),'202501'!$G$4,IF(AND($N35>='202501'!$E$5,$N35<='202501'!$F$5),'202501'!$G$5,0)))) -> 0 | S35: =IF(AND($N35>='202502'!$E$2,$N35<='202502'!$F$2),'202502'!$I$2,IF(AND($N35>='202502'!$E$3,$N35<='202502'!$F$3),'202502'!$I$3,IF(AND($N35>='202502'!$E$4,$N35<='202502'!$F$4),'202502'!$I$4,IF(AND($N35>='202502'!$E$5,$N35<='202502'!$F$5),'202502'!$I$5,0)))) -> 4 | T35: =IF(AND($N35>='202502'!$E$2,$N35<='202502'!$F$2),'202502'!$G$2,IF(AND($N35>='202502'!$E$3,$N35<='202502'!$F$3),'202502'!$G$3,IF(AND($N35>='202502'!$E$4,$N35<='202502'!$F$4),'202502'!$G$4,IF(AND($N35>='202502'!$E$5,$N35<='202502'!$F$5),'202502'!$G$5,0)))) -> 0
B36: 15099759 | C36: 150997593 | D36: 15099759-3 | E36: VILLARROEL GALLEGOS KARINA ALEJANDRA | F36: 1858417 | G36: 2010157 | H36: 3510001 | I36: 1858417 | J36: 1936579 | K36: 3704133 | L36: =SUM(F36:K36) -> 14877704 | M36: 6 | N36: 2479617 | O36: =IF(AND($N36>='202401'!$E$2,$N36<='202401'!$F$2),'202401'!$I$2,IF(AND($N36>='202401'!$E$3,$N36<='202401'!$F$3),'202401'!$I$3,IF(AND($N36>='202401'!$E$4,$N36<='202401'!$F$4),'202401'!$I$4,IF(AND($N36>='202401'!$E$5,$N36<='202401'!$F$5),'202401'!$I$5,0)))) -> 4 | P36: =IF(AND($N36>='202401'!$E$2,$N36<='202401'!$F$2),'202401'!$G$2,IF(AND($N36>='202401'!$E$3,$N36<='202401'!$F$3),'202401'!$G$3,IF(AND($N36>='202401'!$E$4,$N36<='202401'!$F$4),'202401'!$G$4,IF(AND($N36>='202401'!$E$5,$N36<='202401'!$F$5),'202401'!$G$5,0)))) -> 0 | Q36: =IF(AND($N36>='202501'!$E$2,$N36<='202501'!$F$2),'202501'!$I$2,IF(AND($N36>='202501'!$E$3,$N36<='202501'!$F$3),'202501'!$I$3,IF(AND($N36>='202501'!$E$4,$N36<='202501'!$F$4),'202501'!$I$4,IF(AND($N36>='202501'!$E$5,$N36<='202501'!$F$5),'202501'!$I$5,0)))) -> 4 | R36: =IF(AND($N36>='202501'!$E$2,$N36<='202501'!$F$2),'202501'!$G$2,IF(AND($N36>='202501'!$E$3,$N36<='202501'!$F$3),'202501'!$G$3,IF(AND($N36>='202501'!$E$4,$N36<='202501'!$F$4),'202501'!$G$4,IF(AND($N36>='202501'!$E$5,$N36<='202501'!$F$5),'202501'!$G$5,0)))) -> 0 | S36: =IF(AND($N36>='202502'!$E$2,$N36<='202502'!$F$2),'202502'!$I$2,IF(AND($N36>='202502'!$E$3,$N36<='202502'!$F$3),'202502'!$I$3,IF(AND($N36>='202502'!$E$4,$N36<='202502'!$F$4),'202502'!$I$4,IF(AND($N36>='202502'!$E$5,$N36<='202502'!$F$5),'202502'!$I$5,0)))) -> 4 | T36: =IF(AND($N36>='202502'!$E$2,$N36<='202502'!$F$2),'202502'!$G$2,IF(AND($N36>='202502'!$E$3,$N36<='202502'!$F$3),'202502'!$G$3,IF(AND($N36>='202502'!$E$4,$N36<='202502'!$F$4),'202502'!$G$4,IF(AND($N36>='202502'!$E$5,$N36<='202502'!$F$5),'202502'!$G$5,0)))) -> 0
B37: 18831579 | C37: 188315798 | D37: 18831579-8 | E37: VILLARROEL EVENS MARIA IGNACIA | F37: 1807957 | G37: 1807957 | H37: 3325690 | I37: 1807957 | J37: 1807957 | K37: 3337259 | L37: =SUM(F37:K37) -> 13894777 | M37: 6 | N37: 2315796 | O37: =IF(AND($N37>='202401'!$E$2,$N37<='202401'!$F$2),'202401'!$I$2,IF(AND($N37>='202401'!$E$3,$N37<='202401'!$F$3),'202401'!$I$3,IF(AND($N37>='202401'!$E$4,$N37<='202401'!$F$4),'202401'!$I$4,IF(AND($N37>='202401'!$E$5,$N37<='202401'!$F$5),'202401'!$I$5,0)))) -> 4 | P37: =IF(AND($N37>='202401'!$E$2,$N37<='202401'!$F$2),'202401'!$G$2,IF(AND($N37>='202401'!$E$3,$N37<='202401'!$F$3),'202401'!$G$3,IF(AND($N37>='202401'!$E$4,$N37<='202401'!$F$4),'202401'!$G$4,IF(AND($N37>='202401'!$E$5,$N37<='202401'!$F$5),'202401'!$G$5,0)))) -> 0 | Q37: =IF(AND($N37>='202501'!$E$2,$N37<='202501'!$F$2),'202501'!$I$2,IF(AND($N37>='202501'!$E$3,$N37<='202501'!$F$3),'202501'!$I$3,IF(AND($N37>='202501'!$E$4,$N37<='202501'!$F$4),'202501'!$I$4,IF(AND($N37>='202501'!$E$5,$N37<='202501'!$F$5),'202501'!$I$5,0)))) -> 4 | R37: =IF(AND($N37>='202501'!$E$2,$N37<='202501'!$F$2),'202501'!$G$2,IF(AND($N37>='202501'!$E$3,$N37<='202501'!$F$3),'202501'!$G$3,IF(AND($N37>='202501'!$E$4,$N37<='202501'!$F$4),'202501'!$G$4,IF(AND($N37>='202501'!$E$5,$N37<='202501'!$F$5),'202501'!$G$5,0)))) -> 0 | S37: =IF(AND($N37>='202502'!$E$2,$N37<='202502'!$F$2),'202502'!$I$2,IF(AND($N37>='202502'!$E$3,$N37<='202502'!$F$3),'202502'!$I$3,IF(AND($N37>='202502'!$E$4,$N37<='202502'!$F$4),'202502'!$I$4,IF(AND($N37>='202502'!$E$5,$N37<='202502'!$F$5),'202502'!$I$5,0)))) -> 4 | T37: =IF(AND($N37>='202502'!$E$2,$N37<='202502'!$F$2),'202502'!$G$2,IF(AND($N37>='202502'!$E$3,$N37<='202502'!$F$3),'202502'!$G$3,IF(AND($N37>='202502'!$E$4,$N37<='202502'!$F$4),'202502'!$G$4,IF(AND($N37>='202502'!$E$5,$N37<='202502'!$F$5),'202502'!$G$5,0)))) -> 0
... B44: 19918070 | C44: 199180703 | D44: 19918070-3 | E44: VILLAGRA CABRERA NICOLLE MACKARENA | F44: 3056088 | G44: 3056088 | H44: 5416622 | I44: 3056088 | J44: 3233145 | K44: 5460051 | L44: =SUM(F44:K44) -> 23278082 | M44: 6 | N44: 3879680 | O44: =IF(AND($N44>='202401'!$E$2,$N44<='202401'!$F$2),'202401'!$I$2,IF(AND($N44>='202401'!$E$3,$N44<='202401'!$F$3),'202401'!$I$3,IF(AND($N44>='202401'!$E$4,$N44<='202401'!$F$4),'202401'!$I$4,IF(AND($N44>='202401'!$E$5,$N44<='202401'!$F$5),'202401'!$I$5,0)))) -> 4 | P44: =IF(AND($N44>='202401'!$E$2,$N44<='202401'!$F$2),'202401'!$G$2,IF(AND($N44>='202401'!$E$3,$N44<='202401'!$F$3),'202401'!$G$3,IF(AND($N44>='202401'!$E$4,$N44<='202401'!$F$4),'202401'!$G$4,IF(AND($N44>='202401'!$E$5,$N44<='202401'!$F$5),'202401'!$G$5,0)))) -> 0 | Q44: =IF(AND($N44>='202501'!$E$2,$N44<='202501'!$F$2),'202501'!$I$2,IF(AND($N44>='202501'!$E$3,$N44<='202501'!$F$3),'202501'!$I$3,IF(AND($N44>='202501'!$E$4,$N44<='202501'!$F$4),'202501'!$I$4,IF(AND($N44>='202501'!$E$5,$N44<='202501'!$F$5),'202501'!$I$5,0)))) -> 4 | R44: =IF(AND($N44>='202501'!$E$2,$N44<='202501'!$F$2),'202501'!$G$2,IF(AND($N44>='202501'!$E$3,$N44<='202501'!$F$3),'202501'!$G$3,IF(AND($N44>='202501'!$E$4,$N44<='202501'!$F$4),'202501'!$G$4,IF(AND($N44>='202501'!$E$5,$N44<='202501'!$F$5),'202501'!$G$5,0)))) -> 0 | S44: =IF(AND($N44>='202502'!$E$2,$N44<='202502'!$F$2),'202502'!$I$2,IF(AND($N44>='202502'!$E$3,$N44<='202502'!$F$3),'202502'!$I$3,IF(AND($N44>='202502'!$E$4,$N44<='202502'!$F$4),'202502'!$I$4,IF(AND($N44>='202502'!$E$5,$N44<='202502'!$F$5),'202502'!$I$5,0)))) -> 4 | T44: =IF(AND($N44>='202502'!$E$2,$N44<='202502'!$F$2),'202502'!$G$2,IF(AND($N44>='202502'!$E$3,$N44<='202502'!$F$3),'202502'!$G$3,IF(AND($N44>='202502'!$E$4,$N44<='202502'!$F$4),'202502'!$G$4,IF(AND($N44>='202502'!$E$5,$N44<='202502'!$F$5),'202502'!$G$5,0)))) -> 0
B45: 6853868 | C45: 68538688 | D45: 6853868-8 | E45: VILCA TICUNA JAVIER | K45: 296462 | L45: =SUM(F45:K45) -> 296462 | M45: 1 | N45: 296462 | O45: =IF(AND($N45>='202401'!$E$2,$N45<='202401'!$F$2),'202401'!$I$2,IF(AND($N45>='202401'!$E$3,$N45<='202401'!$F$3),'202401'!$I$3,IF(AND($N45>='202401'!$E$4,$N45<='202401'!$F$4),'202401'!$I$4,IF(AND($N45>='202401'!$E$5,$N45<='202401'!$F$5),'202401'!$I$5,0)))) -> 1 | P45: =IF(AND($N45>='202401'!$E$2,$N45<='202401'!$F$2),'202401'!$G$2,IF(AND($N45>='202401'!$E$3,$N45<='202401'!$F$3),'202401'!$G$3,IF(AND($N45>='202401'!$E$4,$N45<='202401'!$F$4),'202401'!$G$4,IF(AND($N45>='202401'!$E$5,$N45<='202401'!$F$5),'202401'!$G$5,0)))) -> 21243 | Q45: =IF(AND($N45>='202501'!$E$2,$N45<='202501'!$F$2),'202501'!$I$2,IF(AND($N45>='202501'!$E$3,$N45<='202501'!$F$3),'202501'!$I$3,IF(AND($N45>='202501'!$E$4,$N45<='202501'!$F$4),'202501'!$I$4,IF(AND($N45>='202501'!$E$5,$N45<='202501'!$F$5),'202501'!$I$5,0)))) -> 1 | R45: =IF(AND($N45>='202501'!$E$2,$N45<='202501'!$F$2),'202501'!$G$2,IF(AND($N45>='202501'!$E$3,$N45<='202501'!$F$3),'202501'!$G$3,IF(AND($N45>='202501'!$E$4,$N45<='202501'!$F$4),'202501'!$G$4,IF(AND($N45>='202501'!$E$5,$N45<='202501'!$F$5),'202501'!$G$5,0)))) -> 21243 | S45: =IF(AND($N45>='202502'!$E$2,$N45<='202502'!$F$2),'202502'!$I$2,IF(AND($N45>='202502'!$E$3,$N45<='202502'!$F$3),'202502'!$I$3,IF(AND($N45>='202502'!$E$4,$N45<='202502'!$F$4),'202502'!$I$4,IF(AND($N45>='202502'!$E$5,$N45<='202502'!$F$5),'202502'!$I$5,0)))) -> 1 | T45: =IF(AND($N45>='202502'!$E$2,$N45<='202502'!$F$2),'202502'!$G$2,IF(AND($N45>='202502'!$E$3,$N45<='202502'!$F$3),'202502'!$G$3,IF(AND($N45>='202502'!$E$4,$N45<='202502'!$F$4),'202502'!$G$4,IF(AND($N45>='202502'!$E$5,$N45<='202502'!$F$5),'202502'!$G$5,0)))) -> 22007
B46: 15213987 | C46: 15213987K | D46: 15213987-K | E46: VIDAL VIDAL RODRIGO PATRICIO | F46: 1357637 | G46: 1363108 | H46: 2662219 | I46: 1357637 | J46: 1357637 | K46: 2696947 | L46: =SUM(F46:K46) -> 10795185 | M46: 6 | N46: 1799197 | O46: =IF(AND($N46>='202401'!$E$2,$N46<='202401'!$F$2),'202401'!$I$2,IF(AND($N46>='202401'!$E$3,$N46<='202401'!$F$3),'202401'!$I$3,IF(AND($N46>='202401'!$E$4,$N46<='202401'!$F$4),'202401'!$I$4,IF(AND($N46>='202401'!$E$5,$N46<='202401'!$F$5),'202401'!$I$5,0)))) -> 4 | P46: =IF(AND($N46>='202401'!$E$2,$N46<='202401'!$F$2),'202401'!$G$2,IF(AND($N46>='202401'!$E$3,$N46<='202401'!$F$3),'202401'!$G$3,IF(AND($N46>='202401'!$E$4,$N46<='202401'!$F$4),'202401'!$G$4,IF(AND($N46>='202401'!$E$5,$N46<='202401'!$F$5),'202401'!$G$5,0)))) -> 0 | Q46: =IF(AND($N46>='202501'!$E$2,$N46<='202501'!$F$2),'202501'!$I$2,IF(AND($N46>='202501'!$E$3,$N46<='202501'!$F$3),'202501'!$I$3,IF(AND($N46>='202501'!$E$4,$N46<='202501'!$F$4),'202501'!$I$4,IF(AND($N46>='202501'!$E$5,$N46<='202501'!$F$5),'202501'!$I$5,0)))) -> 4 | R46: =IF(AND($N46>='202501'!$E$2,$N46<='202501'!$F$2),'202501'!$G$2,IF(AND($N46>='202501'!$E$3,$N46<='202501'!$F$3),'202501'!$G$3,IF(AND($N46>='202501'!$E$4,$N46<='202501'!$F$4),'202501'!$G$4,IF(AND($N46>='202501'!$E$5,$N46<='202501'!$F$5),'202501'!$G$5,0)))) -> 0 | S46: =IF(AND($N46>='202502'!$E$2,$N46<='202502'!$F$2),'202502'!$I$2,IF(AND($N46>='202502'!$E$3,$N46<='202502'!$F$3),'202502'!$I$3,IF(AND($N46>='202502'!$E$4,$N46<='202502'!$F$4),'202502'!$I$4,IF(AND($N46>='202502'!$E$5,$N46<='202502'!$F$5),'202502'!$I$5,0)))) -> 4 | T46: =IF(AND($N46>='202502'!$E$2,$N46<='202502'!$F$2),'202502'!$G$2,IF(AND($N46>='202502'!$E$3,$N46<='202502'!$F$3),'202502'!$G$3,IF(AND($N46>='202502'!$E$4,$N46<='202502'!$F$4),'202502'!$G$4,IF(AND($N46>='202502'!$E$5,$N46<='202502'!$F$5),'202502'!$G$5,0)))) -> 0
B47: 17030609 | C47: 170306090 | D47: 17030609-0 | E47: VIDAL VALERO DANIELA | F47: 1942058 | G47: 1942058 | H47: 3587708 | I47: 2365918 | J47: 2098280 | K47: 3797291 | L47: =SUM(F47:K47) -> 15733313 | M47: 6 | N47: 2622218 | O47: =IF(AND($N47>='202401'!$E$2,$N47<='202401'!$F$2),'202401'!$I$2,IF(AND($N47>='202401'!$E$3,$N47<='202401'!$F$3),'202401'!$I$3,IF(AND($N47>='202401'!$E$4,$N47<='202401'!$F$4),'202401'!$I$4,IF(AND($N47>='202401'!$E$5,$N47<='202401'!$F$5),'202401'!$I$5,0)))) -> 4 | P47: =IF(AND($N47>='202401'!$E$2,$N47<='202401'!$F$2),'202401'!$G$2,IF(AND($N47>='202401'!$E$3,$N47<='202401'!$F$3),'202401'!$G$3,IF(AND($N47>='202401'!$E$4,$N47<='202401'!$F$4),'202401'!$G$4,IF(AND($N47>='202401'!$E$5,$N47<='202401'!$F$5),'202401'!$G$5,0)))) -> 0 | Q47: =IF(AND($N47>='202501'!$E$2,$N47<='202501'!$F$2),'202501'!$I$2,IF(AND($N47>='202501'!$E$3,$N47<='202501'!$F$3),'202501'!$I$3,IF(AND($N47>='202501'!$E$4,$N47<='202501'!$F$4),'202501'!$I$4,IF(AND($N47>='202501'!$E$5,$N47<='202501'!$F$5),'202501'!$I$5,0)))) -> 4 | R47: =IF(AND($N47>='202501'!$E$2,$N47<='202501'!$F$2),'202501'!$G$2,IF(AND($N47>='202501'!$E$3,$N47<='202501'!$F$3),'202501'!$G$3,IF(AND($N47>='202501'!$E$4,$N47<='202501'!$F$4),'202501'!$G$4,IF(AND($N47>='202501'!$E$5,$N47<='202501'!$F$5),'202501'!$G$5,0)))) -> 0 | S47: =IF(AND($N47>='202502'!$E$2,$N47<='202502'!$F$2),'202502'!$I$2,IF(AND($N47>='202502'!$E$3,$N47<='202502'!$F$3),'202502'!$I$3,IF(AND($N47>='202502'!$E$4,$N47<='202502'!$F$4),'202502'!$I$4,IF(AND($N47>='202502'!$E$5,$N47<='202502'!$F$5),'202502'!$I$5,0)))) -> 4 | T47: =IF(AND($N47>='202502'!$E$2,$N47<='202502'!$F$2),'202502'!$G$2,IF(AND($N47>='202502'!$E$3,$N47<='202502'!$F$3),'202502'!$G$3,IF(AND($N47>='202502'!$E$4,$N47<='202502'!$F$4),'202502'!$G$4,IF(AND($N47>='202502'!$E$5,$N47<='202502'!$F$5),'202502'!$G$5,0)))) -> 0
B48: 14228843 | C48: 142288435 | D48: 14228843-5 | E48: VIDAL SANHUEZA LORETO PAZ | F48: 1734360 | G48: 1734360 | H48: 3487994 | I48: 1734360 | J48: 1734360 | K48: 3498783 | L48: =SUM(F48:K48) -> 13924217 | M48: 6 | N48: 2320702 | O48: =IF(AND($N48>='202401'!$E$2,$N48<='202401'!$F$2),'202401'!$I$2,IF(AND($N48>='202401'!$E$3,$N48<='202401'!$F$3),'202401'!$I$3,IF(AND($N48>='202401'!$E$4,$N48<='202401'!$F$4),'202401'!$I$4,IF(AND($N48>='202401'!$E$5,$N48<='202401'!$F$5),'202401'!$I$5,0)))) -> 4 | P48: =IF(AND($N48>='202401'!$E$2,$N48<='202401'!$F$2),'202401'!$G$2,IF(AND($N48>='202401'!$E$3,$N48<='202401'!$F$3),'202401'!$G$3,IF(AND($N48>='202401'!$E$4,$N48<='202401'!$F$4),'202401'!$G$4,IF(AND($N48>='202401'!$E$5,$N48<='202401'!$F$5),'202401'!$G$5,0)))) -> 0 | Q48: =IF(AND($N48>='202501'!$E$2,$N48<='202501'!$F$2),'202501'!$I$2,IF(AND($N48>='202501'!$E$3,$N48<='202501'!$F$3),'202501'!$I$3,IF(AND($N48>='202501'!$E$4,$N48<='202501'!$F$4),'202501'!$I$4,IF(AND($N48>='202501'!$E$5,$N48<='202501'!$F$5),'202501'!$I$5,0)))) -> 4 | R48: =IF(AND($N48>='202501'!$E$2,$N48<='202501'!$F$2),'202501'!$G$2,IF(AND($N48>='202501'!$E$3,$N48<='202501'!$F$3),'202501'!$G$3,IF(AND($N48>='202501'!$E$4,$N48<='202501'!$F$4),'202501'!$G$4,IF(AND($N48>='202501'!$E$5,$N48<='202501'!$F$5),'202501'!$G$5,0)))) -> 0 | S48: =IF(AND($N48>='202502'!$E$2,$N48<='202502'!$F$2),'202502'!$I$2,IF(AND($N48>='202502'!$E$3,$N48<='202502'!$F$3),'202502'!$I$3,IF(AND($N48>='202502'!$E$4,$N48<='202502'!$F$4),'202502'!$I$4,IF(AND($N48>='202502'!$E$5,$N48<='202502'!$F$5),'202502'!$I$5,0)))) -> 4 | T48: =IF(AND($N48>='202502'!$E$2,$N48<='202502'!$F$2),'202502'!$G$2,IF(AND($N48>='202502'!$E$3,$N48<='202502'!$F$3),'202502'!$G$3,IF(AND($N48>='202502'!$E$4,$N48<='202502'!$F$4),'202502'!$G$4,IF(AND($N48>='202502'!$E$5,$N48<='202502'!$F$5),'202502'!$G$5,0)))) -> 0
B49: 7364605 | C49: 73646057 | D49: 7364605-7 | E49: VICUÑA NAVARRO PEDRO IGNACIO | F49: 2358731 | G49: 2358731 | H49: 4501016 | I49: 2358731 | J49: 2453358 | K49: 4227735 | L49: =SUM(F49:K49) -> 18258302 | M49: 6 | N49: 3043050 | O49: =IF(AND($N49>='202401'!$E$2,$N49<='202401'!$F$2),'202401'!$I$2,IF(AND($N49>='202401'!$E$3,$N49<='202401'!$F$3),'202401'!$I$3,IF(AND($N49>='202401'!$E$4,$N49<='202401'!$F$4),'202401'!$I$4,IF(AND($N49>='202401'!$E$5,$N49<='202401'!$F$5),'202401'!$I$5,0)))) -> 4 | P49: =IF(AND($N49>='202401'!$E$2,$N49<='202401'!$F$2),'202401'!$G$2,IF(AND($N49>='202401'!$E$3,$N49<='202401'!$F$3),'202401'!$G$3,IF(AND($N49>='202401'!$E$4,$N49<='202401'!$F$4),'202401'!$G$4,IF(AND($N49>='202401'!$E$5,$N49<='202401'!$F$5),'202401'!$G$5,0)))) -> 0 | Q49: =IF(AND($N49>='202501'!$E$2,$N49<='202501'!$F$2),'202501'!$I$2,IF(AND($N49>='202501'!$E$3,$N49<='202501'!$F$3),'202501'!$I$3,IF(AND($N49>='202501'!$E$4,$N49<='202501'!$F$4),'202501'!$I$4,IF(AND($N49>='202501'!$E$5,$N49<='202501'!$F$5),'202501'!$I$5,0)))) -> 4 | R49: =IF(AND($N49>='202501'!$E$2,$N49<='202501'!$F$2),'202501'!$G$2,IF(AND($N49>='202501'!$E$3,$N49<='202501'!$F$3),'202501'!$G$3,IF(AND($N49>='202501'!$E$4,$N49<='202501'!$F$4),'202501'!$G$4,IF(AND($N49>='202501'!$E$5,$N49<='202501'!$F$5),'202501'!$G$5,0)))) -> 0 | S49: =IF(AND($N49>='202502'!$E$2,$N49<='202502'!$F$2),'202502'!$I$2,IF(AND($N49>='202502'!$E$3,$N49<='202502'!$F$3),'202502'!$I$3,IF(AND($N49>='202502'!$E$4,$N49<='202502'!$F$4),'202502'!$I$4,IF(AND($N49>='202502'!$E$5,$N49<='202502'!$F$5),'202502'!$I$5,0)))) -> 4 | T49: =IF(AND($N49>='202502'!$E$2,$N49<='202502'!$F$2),'202502'!$G$2,IF(AND($N49>='202502'!$E$3,$N49<='202502'!$F$3),'202502'!$G$3,IF(AND($N49>='202502'!$E$4,$N49<='202502'!$F$4),'202502'!$G$4,IF(AND($N49>='202502'!$E$5,$N49<='202502'!$F$5),'202502'!$G$5,0)))) -> 0
B50: 12436808 | C50: 124368081 | D50: 12436808-1 | E50: VICENCIO GUARACHI VERONICA CONZUELO | F50: 2258864 | G50: 2258864 | H50: 4378716 | I50: 2258864 | J50: 2258864 | K50: 4392962 | L50: =SUM(F50:K50) -> 17807134 | M50: 6 | N50: 2967855 | O50: =IF(AND($N50>='202401'!$E$2,$N50<='202401'!$F$2),'202401'!$I$2,IF(AND($N50>='202401'!$E$3,$N50<='202401'!$F$3),'202401'!$I$3,IF(AND($N50>='202401'!$E$4,$N50<='202401'!$F$4),'202401'!$I$4,IF(AND($N50>='202401'!$E$5,$N50<='202401'!$F$5),'202401'!$I$5,0)))) -> 4 | P50: =IF(AND($N50>='202401'!$E$2,$N50<='202401'!$F$2),'202401'!$G$2,IF(AND($N50>='202401'!$E$3,$N50<='202401'!$F$3),'202401'!$G$3,IF(AND($N50>='202401'!$E$4,$N50<='202401'!$F$4),'202401'!$G$4,IF(AND($N50>='202401'!$E$5,$N50<='202401'!$F$5),'202401'!$G$5,0)))) -> 0 | Q50: =IF(AND($N50>='202501'!$E$2,$N50<='202501'!$F$2),'202501'!$I$2,IF(AND($N50>='202501'!$E$3,$N50<='202501'!$F$3),'202501'!$I$3,IF(AND($N50>='202501'!$E$4,$N50<='202501'!$F$4),'202501'!$I$4,IF(AND($N50>='202501'!$E$5,$N50<='202501'!$F$5),'202501'!$I$5,0)))) -> 4 | R50: =IF(AND($N50>='202501'!$E$2,$N50<='202501'!$F$2),'202501'!$G$2,IF(AND($N50>='202501'!$E$3,$N50<='202501'!$F$3),'202501'!$G$3,IF(AND($N50>='202501'!$E$4,$N50<='202501'!$F$4),'202501'!$G$4,IF(AND($N50>='202501'!$E$5,$N50<='202501'!$F$5),'202501'!$G$5,0)))) -> 0 | S50: =IF(AND($N50>='202502'!$E$2,$N50<='202502'!$F$2),'202502'!$I$2,IF(AND($N50>='202502'!$E$3,$N50<='202502'!$F$3),'202502'!$I$3,IF(AND($N50>='202502'!$E$4,$N50<='202502'!$F$4),'202502'!$I$4,IF(AND($N50>='202502'!$E$5,$N50<='202502'!$F$5),'202502'!$I$5,0)))) -> 4 | T50: =IF(AND($N50>='202502'!$E$2,$N50<='202502'!$F$2),'202502'!$G$2,IF(AND($N50>='202502'!$E$3,$N50<='202502'!$F$3),'202502'!$G$3,IF(AND($N50>='202502'!$E$4,$N50<='202502'!$F$4),'202502'!$G$4,IF(AND($N50>='202502'!$E$5,$N50<='202502'!$F$5),'202502'!$G$5,0)))) -> 0
B51: 9717308 | C51: 97173087 | D51: 9717308-7 | E51: VERGARA UBILLA EDUARDO ARIEL | F51: 2222745 | G51: 2222745 | H51: 4182783 | I51: 2222745 | J51: 2222745 | K51: 4197165 | L51: =SUM(F51:K51) -> 17270928 | M51: 6 | N51: 2878488 | O51: =IF(AND($N51>='202401'!$E$2,$N51<='202401'!$F$2),'202401'!$I$2,IF(AND($N51>='202401'!$E$3,$N51<='202401'!$F$3),'202401'!$I$3,IF(AND($N51>='202401'!$E$4,$N51<='202401'!$F$4),'202401'!$I$4,IF(AND($N51>='202401'!$E$5,$N51<='202401'!$F$5),'202401'!$I$5,0)))) -> 4 | P51: =IF(AND($N51>='202401'!$E$2,$N51<='202401'!$F$2),'202401'!$G$2,IF(AND($N51>='202401'!$E$3,$N51<='202401'!$F$3),'202401'!$G$3,IF(AND($N51>='202401'!$E$4,$N51<='202401'!$F$4),'202401'!$G$4,IF(AND($N51>='202401'!$E$5,$N51<='202401'!$F$5),'202401'!$G$5,0)))) -> 0 | Q51: =IF(AND($N51>='202501'!$E$2,$N51<='202501'!$F$2),'202501'!$I$2,IF(AND($N51>='202501'!$E$3,$N51<='202501'!$F$3),'202501'!$I$3,IF(AND($N51>='202501'!$E$4,$N51<='202501'!$F$4),'202501'!$I$4,IF(AND($N51>='202501'!$E$5,$N51<='202501'!$F$5),'202501'!$I$5,0)))) -> 4 | R51: =IF(AND($N51>='202501'!$E$2,$N51<='202501'!$F$2),'202501'!$G$2,IF(AND($N51>='202501'!$E$3,$N51<='202501'!$F$3),'202501'!$G$3,IF(AND($N51>='202501'!$E$4,$N51<='202501'!$F$4),'202501'!$G$4,IF(AND($N51>='202501'!$E$5,$N51<='202501'!$F$5),'202501'!$G$5,0)))) -> 0 | S51: =IF(AND($N51>='202502'!$E$2,$N51<='202502'!$F$2),'202502'!$I$2,IF(AND($N51>='202502'!$E$3,$N51<='202502'!$F$3),'202502'!$I$3,IF(AND($N51>='202502'!$E$4,$N51<='202502'!$F$4),'202502'!$I$4,IF(AND($N51>='202502'!$E$5,$N51<='202502'!$F$5),'202502'!$I$5,0)))) -> 4 | T51: =IF(AND($N51>='202502'!$E$2,$N51<='202502'!$F$2),'202502'!$G$2,IF(AND($N51>='202502'!$E$3,$N51<='202502'!$F$3),'202502'!$G$3,IF(AND($N51>='202502'!$E$4,$N51<='202502'!$F$4),'202502'!$G$4,IF(AND($N51>='202502'!$E$5,$N51<='202502'!$F$5),'202502'!$G$5,0)))) -> 0
B52: 8108848 | C52: 81088489 | D52: 8108848-9 | E52: VERGARA ROMERO TATIANA PAULA | F52: 1843475 | G52: 1843475 | H52: 3477458 | I52: 1853567 | J52: 1853567 | K52: 3489433 | L52: =SUM(F52:K52) -> 14360975 | M52: 6 | N52: 2393495 | O52: =IF(AND($N52>='202401'!$E$2,$N52<='202401'!$F$2),'202401'!$I$2,IF(AND($N52>='202401'!$E$3,$N52<='202401'!$F$3),'202401'!$I$3,IF(AND($N52>='202401'!$E$4,$N52<='202401'!$F$4),'202401'!$I$4,IF(AND($N52>='202401'!$E$5,$N52<='202401'!$F$5),'202401'!$I$5,0)))) -> 4 | P52: =IF(AND($N52>='202401'!$E$2,$N52<='202401'!$F$2),'202401'!$G$2,IF(AND($N52>='202401'!$E$3,$N52<='202401'!$F$3),'202401'!$G$3,IF(AND($N52>='202401'!$E$4,$N52<='202401'!$F$4),'202401'!$G$4,IF(AND($N52>='202401'!$E$5,$N52<='202401'!$F$5),'202401'!$G$5,0)))) -> 0 | Q52: =IF(AND($N52>='202501'!$E$2,$N52<='202501'!$F$2),'202501'!$I$2,IF(AND($N52>='202501'!$E$3,$N52<='202501'!$F$3),'202501'!$I$3,IF(AND($N52>='202501'!$E$4,$N52<='202501'!$F$4),'202501'!$I$4,IF(AND($N52>='202501'!$E$5,$N52<='202501'!$F$5),'202501'!$I$5,0)))) -> 4 | R52: =IF(AND($N52>='202501'!$E$2,$N52<='202501'!$F$2),'202501'!$G$2,IF(AND($N52>='202501'!$E$3,$N52<='202501'!$F$3),'202501'!$G$3,IF(AND($N52>='202501'!$E$4,$N52<='202501'!$F$4),'202501'!$G$4,IF(AND($N52>='202501'!$E$5,$N52<='202501'!$F$5),'202501'!$G$5,0)))) -> 0 | S52: =IF(AND($N52>='202502'!$E$2,$N52<='202502'!$F$2),'202502'!$I$2,IF(AND($N52>='202502'!$E$3,$N52<='202502'!$F$3),'202502'!$I$3,IF(AND($N52>='202502'!$E$4,$N52<='202502'!$F$4),'202502'!$I$4,IF(AND($N52>='202502'!$E$5,$N52<='202502'!$F$5),'202502'!$I$5,0)))) -> 4 | T52: =IF(AND($N52>='202502'!$E$2,$N52<='202502'!$F$2),'202502'!$G$2,IF(AND($N52>='202502'!$E$3,$N52<='202502'!$F$3),'202502'!$G$3,IF(AND($N52>='202502'!$E$4,$N52<='202502'!$F$4),'202502'!$G$4,IF(AND($N52>='202502'!$E$5,$N52<='202502'!$F$5),'202502'!$G$5,0)))) -> 0
B53: 16571254 | C53: 165712544 | D53: 16571254-4 | E53: VERGARA RAMIREZ FRANCO JESUS | K53: 3849636 | L53: =SUM(F53:K53) -> 3849636 | M53: 1 | N53: 3849636 | O53: =IF(AND($N53>='202401'!$E$2,$N53<='202401'!$F$2),'202401'!$I$2,IF(AND($N53>='202401'!$E$3,$N53<='202401'!$F$3),'202401'!$I$3,IF(AND($N53>='202401'!$E$4,$N53<='202401'!$F$4),'202401'!$I$4,IF(AND($N53>='202401'!$E$5,$N53<='202401'!$F$5),'202401'!$I$5,0)))) -> 4 | P53: =IF(AND($N53>='202401'!$E$2,$N53<='202401'!$F$2),'202401'!$G$2,IF(AND($N53>='202401'!$E$3,$N53<='202401'!$F$3),'202401'!$G$3,IF(AND($N53>='202401'!$E$4,$N53<='202401'!$F$4),'202401'!$G$4,IF(AND($N53>='202401'!$E$5,$N53<='202401'!$F$5),'202401'!$G$5,0)))) -> 0 | Q53: =IF(AND($N53>='202501'!$E$2,$N53<='202501'!$F$2),'202501'!$I$2,IF(AND($N53>='202501'!$E$3,$N53<='202501'!$F$3),'202501'!$I$3,IF(AND($N53>='202501'!$E$4,$N53<='202501'!$F$4),'202501'!$I$4,IF(AND($N53>='202501'!$E$5,$N53<='202501'!$F$5),'202501'!$I$5,0)))) -> 4 | R53: =IF(AND($N53>='202501'!$E$2,$N53<='202501'!$F$2),'202501'!$G$2,IF(AND($N53>='202501'!$E$3,$N53<='202501'!$F$3),'202501'!$G$3,IF(AND($N53>='202501'!$E$4,$N53<='202501'!$F$4),'202501'!$G$4,IF(AND($N53>='202501'!$E$5,$N53<='202501'!$F$5),'202501'!$G$5,0)))) -> 0 | S53: =IF(AND($N53>='202502'!$E$2,$N53<='202502'!$F$2),'202502'!$I$2,IF(AND($N53>='202502'!$E$3,$N53<='202502'!$F$3),'202502'!$I$3,IF(AND($N53>='202502'!$E$4,$N53<='202502'!$F$4),'202502'!$I$4,IF(AND($N53>='202502'!$E$5,$N53<='202502'!$F$5),'202502'!$I$5,0)))) -> 4 | T53: =IF(AND($N53>='202502'!$E$2,$N53<='202502'!$F$2),'202502'!$G$2,IF(AND($N53>='202502'!$E$3,$N53<='202502'!$F$3),'202502'!$G$3,IF(AND($N53>='202502'!$E$4,$N53<='202502'!$F$4),'202502'!$G$4,IF(AND($N53>='202502'!$E$5,$N53<='202502'!$F$5),'202502'!$G$5,0)))) -> 0
B54: 15057811 | C54: 150578116 | D54: 15057811-6 | E54: VERGARA PEÑA ROMINA LORETO | F54: 1012935 | G54: 1012935 | H54: 1937496 | I54: 1012935 | J54: 1012935 | K54: 1944101 | L54: =SUM(F54:K54) -> 7933337 | M54: 6 | N54: 1322222 | O54: =IF(AND($N54>='202401'!$E$2,$N54<='202401'!$F$2),'202401'!$I$2,IF(AND($N54>='202401'!$E$3,$N54<='202401'!$F$3),'202401'!$I$3,IF(AND($N54>='202401'!$E$4,$N54<='202401'!$F$4),'202401'!$I$4,IF(AND($N54>='202401'!$E$5,$N54<='202401'!$F$5),'202401'!$I$5,0)))) -> 3 | P54: =IF(AND($N54>='202401'!$E$2,$N54<='202401'!$F$2),'202401'!$G$2,IF(AND($N54>='202401'!$E$3,$N54<='202401'!$F$3),'202401'!$G$3,IF(AND($N54>='202401'!$E$4,$N54<='202401'!$F$4),'202401'!$G$4,IF(AND($N54>='202401'!$E$5,$N54<='202401'!$F$5),'202401'!$G$5,0)))) -> 4119 | Q54: =IF(AND($N54>='202501'!$E$2,$N54<='202501'!$F$2),'202501'!$I$2,IF(AND($N54>='202501'!$E$3,$N54<='202501'!$F$3),'202501'!$I$3,IF(AND($N54>='202501'!$E$4,$N54<='202501'!$F$4),'202501'!$I$4,IF(AND($N54>='202501'!$E$5,$N54<='202501'!$F$5),'202501'!$I$5,0)))) -> 3 | R54: =IF(AND($N54>='202501'!$E$2,$N54<='202501'!$F$2),'202501'!$G$2,IF(AND($N54>='202501'!$E$3,$N54<='202501'!$F$3),'202501'!$G$3,IF(AND($N54>='202501'!$E$4,$N54<='202501'!$F$4),'202501'!$G$4,IF(AND($N54>='202501'!$E$5,$N54<='202501'!$F$5),'202501'!$G$5,0)))) -> 4119 | S54: =IF(AND($N54>='202502'!$E$2,$N54<='202502'!$F$2),'202502'!$I$2,IF(AND($N54>='202502'!$E$3,$N54<='202502'!$F$3),'202502'!$I$3,IF(AND($N54>='202502'!$E$4,$N54<='202502'!$F$4),'202502'!$I$4,IF(AND($N54>='202502'!$E$5,$N54<='202502'!$F$5),'202502'!$I$5,0)))) -> 3 | T54: =IF(AND($N54>='202502'!$E$2,$N54<='202502'!$F$2),'202502'!$G$2,IF(AND($N54>='202502'!$E$3,$N54<='202502'!$F$3),'202502'!$G$3,IF(AND($N54>='202502'!$E$4,$N54<='202502'!$F$4),'202502'!$G$4,IF(AND($N54>='202502'!$E$5,$N54<='202502'!$F$5),'202502'!$G$5,0)))) -> 4267
B55: 8032552 | C55: 80325525 | D55: 8032552-5 | E55: VERGARA OSORIO MARIO HERNAN | F55: 1077714 | G55: 936040 | H55: 1727572 | I55: 1344893 | J55: 936040 | K55: 1969373 | L55: =SUM(F55:K55) -> 7991632 | M55: 6 | N55: 1331938 | O55: =IF(AND($N55>='202401'!$E$2,$N55<='202401'!$F$2),'202401'!$I$2,IF(AND($N55>='202401'!$E$3,$N55<='202401'!$F$3),'202401'!$I$3,IF(AND($N55>='202401'!$E$4,$N55<='202401'!$F$4),'202401'!$I$4,IF(AND($N55>='202401'!$E$5,$N55<='202401'!$F$5),'202401'!$I$5,0)))) -> 3 | P55: =IF(AND($N55>='202401'!$E$2,$N55<='202401'!$F$2),'202401'!$G$2,IF(AND($N55>='202401'!$E$3,$N55<='202401'!$F$3),'202401'!$G$3,IF(AND($N55>='202401'!$E$4,$N55<='202401'!$F$4),'202401'!$G$4,IF(AND($N55>='202401'!$E$5,$N55<='202401'!$F$5),'202401'!$G$5,0)))) -> 4119 | Q55: =IF(AND($N55>='202501'!$E$2,$N55<='202501'!$F$2),'202501'!$I$2,IF(AND($N55>='202501'!$E$3,$N55<='202501'!$F$3),'202501'!$I$3,IF(AND($N55>='202501'!$E$4,$N55<='202501'!$F$4),'202501'!$I$4,IF(AND($N55>='202501'!$E$5,$N55<='202501'!$F$5),'202501'!$I$5,0)))) -> 3 | R55: =IF(AND($N55>='202501'!$E$2,$N55<='202501'!$F$2),'202501'!$G$2,IF(AND($N55>='202501'!$E$3,$N55<='202501'!$F$3),'202501'!$G$3,IF(AND($N55>='202501'!$E$4,$N55<='202501'!$F$4),'202501'!$G$4,IF(AND($N55>='202501'!$E$5,$N55<='202501'!$F$5),'202501'!$G$5,0)))) -> 4119 | S55: =IF(AND($N55>='202502'!$E$2,$N55<='202502'!$F$2),'202502'!$I$2,IF(AND($N55>='202502'!$E$3,$N55<='202502'!$F$3),'202502'!$I$3,IF(AND($N55>='202502'!$E$4,$N55<='202502'!$F$4),'202502'!$I$4,IF(AND($N55>='202502'!$E$5,$N55<='202502'!$F$5),'202502'!$I$5,0)))) -> 3 | T55: =IF(AND($N55>='202502'!$E$2,$N55<='202502'!$F$2),'202502'!$G$2,IF(AND($N55>='202502'!$E$3,$N55<='202502'!$F$3),'202502'!$G$3,IF(AND($N55>='202502'!$E$4,$N55<='202502'!$F$4),'202502'!$G$4,IF(AND($N55>='202502'!$E$5,$N55<='202502'!$F$5),'202502'!$G$5,0)))) -> 4267
B56: 15920137 | C56: 159201376 | D56: 15920137-6 | E56: VERGARA IBAÑEZ PAULA ANDREA | F56: 2539449 | G56: 2539449 | H56: 4418286 | I56: 2539449 | J56: 2539449 | K56: 4434115 | L56: =SUM(F56:K56) -> 19010197 | M56: 6 | N56: 3168366 | O56: =IF(AND($N56>='202401'!$E$2,$N56<='202401'!$F$2),'202401'!$I$2,IF(AND($N56>='202401'!$E$3,$N56<='202401'!$F$3),'202401'!$I$3,IF(AND($N56>='202401'!$E$4,$N56<='202401'!$F$4),'202401'!$I$4,IF(AND($N56>='202401'!$E$5,$N56<='202401'!$F$5),'202401'!$I$5,0)))) -> 4 | P56: =IF(AND($N56>='202401'!$E$2,$N56<='202401'!$F$2),'202401'!$G$2,IF(AND($N56>='202401'!$E$3,$N56<='202401'!$F$3),'202401'!$G$3,IF(AND($N56>='202401'!$E$4,$N56<='202401'!$F$4),'202401'!$G$4,IF(AND($N56>='202401'!$E$5,$N56<='202401'!$F$5),'202401'!$G$5,0)))) -> 0 | Q56: =IF(AND($N56>='202501'!$E$2,$N56<='202501'!$F$2),'202501'!$I$2,IF(AND($N56>='202501'!$E$3,$N56<='202501'!$F$3),'202501'!$I$3,IF(AND($N56>='202501'!$E$4,$N56<='202501'!$F$4),'202501'!$I$4,IF(AND($N56>='202501'!$E$5,$N56<='202501'!$F$5),'202501'!$I$5,0)))) -> 4 | R56: =IF(AND($N56>='202501'!$E$2,$N56<='202501'!$F$2),'202501'!$G$2,IF(AND($N56>='202501'!$E$3,$N56<='202501'!$F$3),'202501'!$G$3,IF(AND($N56>='202501'!$E$4,$N56<='202501'!$F$4),'202501'!$G$4,IF(AND($N56>='202501'!$E$5,$N56<='202501'!$F$5),'202501'!$G$5,0)))) -> 0 | S56: =IF(AND($N56>='202502'!$E$2,$N56<='202502'!$F$2),'202502'!$I$2,IF(AND($N56>='202502'!$E$3,$N56<='202502'!$F$3),'202502'!$I$3,IF(AND($N56>='202502'!$E$4,$N56<='202502'!$F$4),'202502'!$I$4,IF(AND($N56>='202502'!$E$5,$N56<='202502'!$F$5),'202502'!$I$5,0)))) -> 4 | T56: =IF(AND($N56>='202502'!$E$2,$N56<='202502'!$F$2),'202502'!$G$2,IF(AND($N56>='202502'!$E$3,$N56<='202502'!$F$3),'202502'!$G$3,IF(AND($N56>='202502'!$E$4,$N56<='202502'!$F$4),'202502'!$G$4,IF(AND($N56>='202502'!$E$5,$N56<='202502'!$F$5),'202502'!$G$5,0)))) -> 0
B57: 13998297 | C57: 139982975 | D57: 13998297-5 | E57: VERGARA GUERRA MARLENE ALEJANDRA | F57: 1833383 | G57: 1833383 | H57: 3457274 | I57: 1833383 | J57: 1833383 | K57: 3469149 | L57: =SUM(F57:K57) -> 14259955 | M57: 6 | N57: 2376659 | O57: =IF(AND($N57>='202401'!$E$2,$N57<='202401'!$F$2),'202401'!$I$2,IF(AND($N57>='202401'!$E$3,$N57<='202401'!$F$3),'202401'!$I$3,IF(AND($N57>='202401'!$E$4,$N57<='202401'!$F$4),'202401'!$I$4,IF(AND($N57>='202401'!$E$5,$N57<='202401'!$F$5),'202401'!$I$5,0)))) -> 4 | P57: =IF(AND($N57>='202401'!$E$2,$N57<='202401'!$F$2),'202401'!$G$2,IF(AND($N57>='202401'!$E$3,$N57<='202401'!$F$3),'202401'!$G$3,IF(AND($N57>='202401'!$E$4,$N57<='202401'!$F$4),'202401'!$G$4,IF(AND($N57>='202401'!$E$5,$N57<='202401'!$F$5),'202401'!$G$5,0)))) -> 0 | Q57: =IF(AND($N57>='202501'!$E$2,$N57<='202501'!$F$2),'202501'!$I$2,IF(AND($N57>='202501'!$E$3,$N57<='202501'!$F$3),'202501'!$I$3,IF(AND($N57>='202501'!$E$4,$N57<='202501'!$F$4),'202501'!$I$4,IF(AND($N57>='202501'!$E$5,$N57<='202501'!$F$5),'202501'!$I$5,0)))) -> 4 | R57: =IF(AND($N57>='202501'!$E$2,$N57<='202501'!$F$2),'202501'!$G$2,IF(AND($N57>='202501'!$E$3,$N57<='202501'!$F$3),'202501'!$G$3,IF(AND($N57>='202501'!$E$4,$N57<='202501'!$F$4),'202501'!$G$4,IF(AND($N57>='202501'!$E$5,$N57<='202501'!$F$5),'202501'!$G$5,0)))) -> 0 | S57: =IF(AND($N57>='202502'!$E$2,$N57<='202502'!$F$2),'202502'!$I$2,IF(AND($N57>='202502'!$E$3,$N57<='202502'!$F$3),'202502'!$I$3,IF(AND($N57>='202502'!$E$4,$N57<='202502'!$F$4),'202502'!$I$4,IF(AND($N57>='202502'!$E$5,$N57<='202502'!$F$5),'202502'!$I$5,0)))) -> 4 | T57: =IF(AND($N57>='202502'!$E$2,$N57<='202502'!$F$2),'202502'!$G$2,IF(AND($N57>='202502'!$E$3,$N57<='202502'!$F$3),'202502'!$G$3,IF(AND($N57>='202502'!$E$4,$N57<='202502'!$F$4),'202502'!$G$4,IF(AND($N57>='202502'!$E$5,$N57<='202502'!$F$5),'202502'!$G$5,0)))) -> 0
B58: 15949521 | C58: 159495213 | D58: 15949521-3 | E58: VERGARA GUERRA KAREN ROXANA | F58: 1823291 | G58: 1823291 | H58: 3447182 | I58: 1823291 | J58: 1823291 | K58: 3459006 | L58: =SUM(F58:K58) -> 14199352 | M58: 6 | N58: 2366558 | O58: =IF(AND($N58>='202401'!$E$2,$N58<='202401'!$F$2),'202401'!$I$2,IF(AND($N58>='202401'!$E$3,$N58<='202401'!$F$3),'202401'!$I$3,IF(AND($N58>='202401'!$E$4,$N58<='202401'!$F$4),'202401'!$I$4,IF(AND($N58>='202401'!$E$5,$N58<='202401'!$F$5),'202401'!$I$5,0)))) -> 4 | P58: =IF(AND($N58>='202401'!$E$2,$N58<='202401'!$F$2),'202401'!$G$2,IF(AND($N58>='202401'!$E$3,$N58<='202401'!$F$3),'202401'!$G$3,IF(AND($N58>='202401'!$E$4,$N58<='202401'!$F$4),'202401'!$G$4,IF(AND($N58>='202401'!$E$5,$N58<='202401'!$F$5),'202401'!$G$5,0)))) -> 0 | Q58: =IF(AND($N58>='202501'!$E$2,$N58<='202501'!$F$2),'202501'!$I$2,IF(AND($N58>='202501'!$E$3,$N58<='202501'!$F$3),'202501'!$I$3,IF(AND($N58>='202501'!$E$4,$N58<='202501'!$F$4),'202501'!$I$4,IF(AND($N58>='202501'!$E$5,$N58<='202501'!$F$5),'202501'!$I$5,0)))) -> 4 | R58: =IF(AND($N58>='202501'!$E$2,$N58<='202501'!$F$2),'202501'!$G$2,IF(AND($N58>='202501'!$E$3,$N58<='202501'!$F$3),'202501'!$G$3,IF(AND($N58>='202501'!$E$4,$N58<='202501'!$F$4),'202501'!$G$4,IF(AND($N58>='202501'!$E$5,$N58<='202501'!$F$5),'202501'!$G$5,0)))) -> 0 | S58: =IF(AND($N58>='202502'!$E$2,$N58<='202502'!$F$2),'202502'!$I$2,IF(AND($N58>='202502'!$E$3,$N58<='202502'!$F$3),'202502'!$I$3,IF(AND($N58>='202502'!$E$4,$N58<='202502'!$F$4),'202502'!$I$4,IF(AND($N58>='202502'!$E$5,$N58<='202502'!$F$5),'202502'!$I$5,0)))) -> 4 | T58: =IF(AND($N58>='202502'!$E$2,$N58<='202502'!$F$2),'202502'!$G$2,IF(AND($N58>='202502'!$E$3,$N58<='202502'!$F$3),'202502'!$G$3,IF(AND($N58>='202502'!$E$4,$N58<='202502'!$F$4),'202502'!$G$4,IF(AND($N58>='202502'!$E$5,$N58<='202502'!$F$5),'202502'!$G$5,0)))) -> 0
B59: 8412973 | C59: 84129739 | D59: 8412973-9 | E59: VERGARA COVA JORGE ANDRES | F59: 2768158 | G59: 2768158 | H59: 4882673 | I59: 2768158 | J59: 2768158 | K59: 4900039 | L59: =SUM(F59:K59) -> 20855344 | M59: 6 | N59: 3475890 | O59: =IF(AND($N59>='202401'!$E$2,$N59<='202401'!$F$2),'202401'!$I$2,IF(AND($N59>='202401'!$E$3,$N59<='202401'!$F$3),'202401'!$I$3,IF(AND($N59>='202401'!$E$4,$N59<='202401'!$F$4),'202401'!$I$4,IF(AND($N59>='202401'!$E$5,$N59<='202401'!$F$5),'202401'!$I$5,0)))) -> 4 | P59: =IF(AND($N59>='202401'!$E$2,$N59<='202401'!$F$2),'202401'!$G$2,IF(AND($N59>='202401'!$E$3,$N59<='202401'!$F$3),'202401'!$G$3,IF(AND($N59>='202401'!$E$4,$N59<='202401'!$F$4),'202401'!$G$4,IF(AND($N59>='202401'!$E$5,$N59<='202401'!$F$5),'202401'!$G$5,0)))) -> 0 | Q59: =IF(AND($N59>='202501'!$E$2,$N59<='202501'!$F$2),'202501'!$I$2,IF(AND($N59>='202501'!$E$3,$N59<='202501'!$F$3),'202501'!$I$3,IF(AND($N59>='202501'!$E$4,$N59<='202501'!$F$4),'202501'!$I$4,IF(AND($N59>='202501'!$E$5,$N59<='202501'!$F$5),'202501'!$I$5,0)))) -> 4 | R59: =IF(AND($N59>='202501'!$E$2,$N59<='202501'!$F$2),'202501'!$G$2,IF(AND($N59>='202501'!$E$3,$N59<='202501'!$F$3),'202501'!$G$3,IF(AND($N59>='202501'!$E$4,$N59<='202501'!$F$4),'202501'!$G$4,IF(AND($N59>='202501'!$E$5,$N59<='202501'!$F$5),'202501'!$G$5,0)))) -> 0 | S59: =IF(AND($N59>='202502'!$E$2,$N59<='202502'!$F$2),'202502'!$I$2,IF(AND($N59>='202502'!$E$3,$N59<='202502'!$F$3),'202502'!$I$3,IF(AND($N59>='202502'!$E$4,$N59<='202502'!$F$4),'202502'!$I$4,IF(AND($N59>='202502'!$E$5,$N59<='202502'!$F$5),'202502'!$I$5,0)))) -> 4 | T59: =IF(AND($N59>='202502'!$E$2,$N59<='202502'!$F$2),'202502'!$G$2,IF(AND($N59>='202502'!$E$3,$N59<='202502'!$F$3),'202502'!$G$3,IF(AND($N59>='202502'!$E$4,$N59<='202502'!$F$4),'202502'!$G$4,IF(AND($N59>='202502'!$E$5,$N59<='202502'!$F$5),'202502'!$G$5,0)))) -> 0
B60: 10360717 | C60: 103607175 | D60: 10360717-5 | E60: VERAGUAS ESPINOZA RODRIGO | F60: 1848325 | G60: 1858417 | H60: 3506224 | I60: 1858417 | J60: 1858417 | K60: 3555266 | L60: =SUM(F60:K60) -> 14485066 | M60: 6 | N60: 2414177 | O60: =IF(AND($N60>='202401'!$E$2,$N60<='202401'!$F$2),'202401'!$I$2,IF(AND($N60>='202401'!$E$3,$N60<='202401'!$F$3),'202401'!$I$3,IF(AND($N60>='202401'!$E$4,$N60<='202401'!$F$4),'202401'!$I$4,IF(AND($N60>='202401'!$E$5,$N60<='202401'!$F$5),'202401'!$I$5,0)))) -> 4 | P60: =IF(AND($N60>='202401'!$E$2,$N60<='202401'!$F$2),'202401'!$G$2,IF(AND($N60>='202401'!$E$3,$N60<='202401'!$F$3),'202401'!$G$3,IF(AND($N60>='202401'!$E$4,$N60<='202401'!$F$4),'202401'!$G$4,IF(AND($N60>='202401'!$E$5,$N60<='202401'!$F$5),'202401'!$G$5,0)))) -> 0 | Q60: =IF(AND($N60>='202501'!$E$2,$N60<='202501'!$F$2),'202501'!$I$2,IF(AND($N60>='202501'!$E$3,$N60<='202501'!$F$3),'202501'!$I$3,IF(AND($N60>='202501'!$E$4,$N60<='202501'!$F$4),'202501'!$I$4,IF(AND($N60>='202501'!$E$5,$N60<='202501'!$F$5),'202501'!$I$5,0)))) -> 4 | R60: =IF(AND($N60>='202501'!$E$2,$N60<='202501'!$F$2),'202501'!$G$2,IF(AND($N60>='202501'!$E$3,$N60<='202501'!$F$3),'202501'!$G$3,IF(AND($N60>='202501'!$E$4,$N60<='202501'!$F$4),'202501'!$G$4,IF(AND($N60>='202501'!$E$5,$N60<='202501'!$F$5),'202501'!$G$5,0)))) -> 0 | S60: =IF(AND($N60>='202502'!$E$2,$N60<='202502'!$F$2),'202502'!$I$2,IF(AND($N60>='202502'!$E$3,$N60<='202502'!$F$3),'202502'!$I$3,IF(AND($N60>='202502'!$E$4,$N60<='202502'!$F$4),'202502'!$I$4,IF(AND($N60>='202502'!$E$5,$N60<='202502'!$F$5),'202502'!$I$5,0)))) -> 4 | T60: =IF(AND($N60>='202502'!$E$2,$N60<='202502'!$F$2),'202502'!$G$2,IF(AND($N60>='202502'!$E$3,$N60<='202502'!$F$3),'202502'!$G$3,IF(AND($N60>='202502'!$E$4,$N60<='202502'!$F$4),'202502'!$G$4,IF(AND($N60>='202502'!$E$5,$N60<='202502'!$F$5),'202502'!$G$5,0)))) -> 0
B61: 12264423 | C61: 122644235 | D61: 12264423-5 | E61: VERA VON BARGEN JOHANNES NILS | F61: 2594367 | G61: 2594367 | H61: 4849519 | I61: 2594367 | J61: 2594367 | K61: 5056047 | L61: =SUM(F61:K61) -> 20283034 | M61: 6 | N61: 3380505 | O61: =IF(AND($N61>='202401'!$E$2,$N61<='202401'!$F$2),'202401'!$I$2,IF(AND($N61>='202401'!$E$3,$N61<='202401'!$F$3),'202401'!$I$3,IF(AND($N61>='202401'!$E$4,$N61<='202401'!$F$4),'202401'!$I$4,IF(AND($N61>='202401'!$E$5,$N61<='202401'!$F$5),'202401'!$I$5,0)))) -> 4 | P61: =IF(AND($N61>='202401'!$E$2,$N61<='202401'!$F$2),'202401'!$G$2,IF(AND($N61>='202401'!$E$3,$N61<='202401'!$F$3),'202401'!$G$3,IF(AND($N61>='202401'!$E$4,$N61<='202401'!$F$4),'202401'!$G$4,IF(AND($N61>='202401'!$E$5,$N61<='202401'!$F$5),'202401'!$G$5,0)))) -> 0 | Q61: =IF(AND($N61>='202501'!$E$2,$N61<='202501'!$F$2),'202501'!$I$2,IF(AND($N61>='202501'!$E$3,$N61<='202501'!$F$3),'202501'!$I$3,IF(AND($N61>='202501'!$E$4,$N61<='202501'!$F$4),'202501'!$I$4,IF(AND($N61>='202501'!$E$5,$N61<='202501'!$F$5),'202501'!$I$5,0)))) -> 4 | R61: =IF(AND($N61>='202501'!$E$2,$N61<='202501'!$F$2),'202501'!$G$2,IF(AND($N61>='202501'!$E$3,$N61<='202501'!$F$3),'202501'!$G$3,IF(AND($N61>='202501'!$E$4,$N61<='202501'!$F$4),'202501'!$G$4,IF(AND($N61>='202501'!$E$5,$N61<='202501'!$F$5),'202501'!$G$5,0)))) -> 0 | S61: =IF(AND($N61>='202502'!$E$2,$N61<='202502'!$F$2),'202502'!$I$2,IF(AND($N61>='202502'!$E$3,$N61<='202502'!$F$3),'202502'!$I$3,IF(AND($N61>='202502'!$E$4,$N61<='202502'!$F$4),'202502'!$I$4,IF(AND($N61>='202502'!$E$5,$N61<='202502'!$F$5),'202502'!$I$5,0)))) -> 4 | T61: =IF(AND($N61>='202502'!$E$2,$N61<='202502'!$F$2),'202502'!$G$2,IF(AND($N61>='202502'!$E$3,$N61<='202502'!$F$3),'202502'!$G$3,IF(AND($N61>='202502'!$E$4,$N61<='202502'!$F$4),'202502'!$G$4,IF(AND($N61>='202502'!$E$5,$N61<='202502'!$F$5),'202502'!$G$5,0)))) -> 0
B62: 13684970 | C62: 136849700 | D62: 13684970-0 | E62: VERA LOPEZ JEANNETTE FABIOLA | F62: 1940499 | G62: 1940499 | H62: 3407640 | I62: 1940499 | J62: 2183454 | K62: 3419787 | L62: =SUM(F62:K62) -> 14832378 | M62: 6 | N62: 2472063 | O62: =IF(AND($N62>='202401'!$E$2,$N62<='202401'!$F$2),'202401'!$I$2,IF(AND($N62>='202401'!$E$3,$N62<='202401'!$F$3),'202401'!$I$3,IF(AND($N62>='202401'!$E$4,$N62<='202401'!$F$4),'202401'!$I$4,IF(AND($N62>='202401'!$E$5,$N62<='202401'!$F$5),'202401'!$I$5,0)))) -> 4 | P62: =IF(AND($N62>='202401'!$E$2,$N62<='202401'!$F$2),'202401'!$G$2,IF(AND($N62>='202401'!$E$3,$N62<='202401'!$F$3),'202401'!$G$3,IF(AND($N62>='202401'!$E$4,$N62<='202401'!$F$4),'202401'!$G$4,IF(AND($N62>='202401'!$E$5,$N62<='202401'!$F$5),'202401'!$G$5,0)))) -> 0 | Q62: =IF(AND($N62>='202501'!$E$2,$N62<='202501'!$F$2),'202501'!$I$2,IF(AND($N62>='202501'!$E$3,$N62<='202501'!$F$3),'202501'!$I$3,IF(AND($N62>='202501'!$E$4,$N62<='202501'!$F$4),'202501'!$I$4,IF(AND($N62>='202501'!$E$5,$N62<='202501'!$F$5),'202501'!$I$5,0)))) -> 4 | R62: =IF(AND($N62>='202501'!$E$2,$N62<='202501'!$F$2),'202501'!$G$2,IF(AND($N62>='202501'!$E$3,$N62<='202501'!$F$3),'202501'!$G$3,IF(AND($N62>='202501'!$E$4,$N62<='202501'!$F$4),'202501'!$G$4,IF(AND($N62>='202501'!$E$5,$N62<='202501'!$F$5),'202501'!$G$5,0)))) -> 0 | S62: =IF(AND($N62>='202502'!$E$2,$N62<='202502'!$F$2),'202502'!$I$2,IF(AND($N62>='202502'!$E$3,$N62<='202502'!$F$3),'202502'!$I$3,IF(AND($N62>='202502'!$E$4,$N62<='202502'!$F$4),'202502'!$I$4,IF(AND($N62>='202502'!$E$5,$N62<='202502'!$F$5),'202502'!$I$5,0)))) -> 4 | T62: =IF(AND($N62>='202502'!$E$2,$N62<='202502'!$F$2),'202502'!$G$2,IF(AND($N62>='202502'!$E$3,$N62<='202502'!$F$3),'202502'!$G$3,IF(AND($N62>='202502'!$E$4,$N62<='202502'!$F$4),'202502'!$G$4,IF(AND($N62>='202502'!$E$5,$N62<='202502'!$F$5),'202502'!$G$5,0)))) -> 0
B63: 10218702 | C63: 102187024 | D63: 10218702-4 | E63: VERA GOMEZ JOSE MIGUEL | F63: 1940499 | G63: 1940499 | H63: 3407640 | I63: 1940499 | J63: 2183454 | K63: 3419787 | L63: =SUM(F63:K63) -> 14832378 | M63: 6 | N63: 2472063 | O63: =IF(AND($N63>='202401'!$E$2,$N63<='202401'!$F$2),'202401'!$I$2,IF(AND($N63>='202401'!$E$3,$N63<='202401'!$F$3),'202401'!$I$3,IF(AND($N63>='202401'!$E$4,$N63<='202401'!$F$4),'202401'!$I$4,IF(AND($N63>='202401'!$E$5,$N63<='202401'!$F$5),'202401'!$I$5,0)))) -> 4 | P63: =IF(AND($N63>='202401'!$E$2,$N63<='202401'!$F$2),'202401'!$G$2,IF(AND($N63>='202401'!$E$3,$N63<='202401'!$F$3),'202401'!$G$3,IF(AND($N63>='202401'!$E$4,$N63<='202401'!$F$4),'202401'!$G$4,IF(AND($N63>='202401'!$E$5,$N63<='202401'!$F$5),'202401'!$G$5,0)))) -> 0 | Q63: =IF(AND($N63>='202501'!$E$2,$N63<='202501'!$F$2),'202501'!$I$2,IF(AND($N63>='202501'!$E$3,$N63<='202501'!$F$3),'202501'!$I$3,IF(AND($N63>='202501'!$E$4,$N63<='202501'!$F$4),'202501'!$I$4,IF(AND($N63>='202501'!$E$5,$N63<='202501'!$F$5),'202501'!$I$5,0)))) -> 4 | R63: =IF(AND($N63>='202501'!$E$2,$N63<='202501'!$F$2),'202501'!$G$2,IF(AND($N63>='202501'!$E$3,$N63<='202501'!$F$3),'202501'!$G$3,IF(AND($N63>='202501'!$E$4,$N63<='202501'!$F$4),'202501'!$G$4,IF(AND($N63>='202501'!$E$5,$N63<='202501'!$F$5),'202501'!$G$5,0)))) -> 0 | S63: =IF(AND($N63>='202502'!$E$2,$N63<='202502'!$F$2),'202502'!$I$2,IF(AND($N63>='202502'!$E$3,$N63<='202502'!$F$3),'202502'!$I$3,IF(AND($N63>='202502'!$E$4,$N63<='202502'!$F$4),'202502'!$I$4,IF(AND($N63>='202502'!$E$5,$N63<='202502'!$F$5),'202502'!$I$5,0)))) -> 4 | T63: =IF(AND($N63>='202502'!$E$2,$N63<='202502'!$F$2),'202502'!$G$2,IF(AND($N63>='202502'!$E$3,$N63<='202502'!$F$3),'202502'!$G$3,IF(AND($N63>='202502'!$E$4,$N63<='202502'!$F$4),'202502'!$G$4,IF(AND($N63>='202502'!$E$5,$N63<='202502'!$F$5),'202502'!$G$5,0)))) -> 0
B64: 13161805 | C64: 131618050 | D64: 13161805-0 | E64: VERA CORTESI CAROLINA EDITH | F64: 1988911 | G64: 1988911 | H64: 3788656 | I64: 1988911 | J64: 1988911 | K64: 3801601 | L64: =SUM(F64:K64) -> 15545901 | M64: 6 | N64: 2590983 | O64: =IF(AND($N64>='202401'!$E$2,$N64<='202401'!$F$2),'202401'!$I$2,IF(AND($N64>='202401'!$E$3,$N64<='202401'!$F$3),'202401'!$I$3,IF(AND($N64>='202401'!$E$4,$N64<='202401'!$F$4),'202401'!$I$4,IF(AND($N64>='202401'!$E$5,$N64<='202401'!$F$5),'202401'!$I$5,0)))) -> 4 | P64: =IF(AND($N64>='202401'!$E$2,$N64<='202401'!$F$2),'202401'!$G$2,IF(AND($N64>='202401'!$E$3,$N64<='202401'!$F$3),'202401'!$G$3,IF(AND($N64>='202401'!$E$4,$N64<='202401'!$F$4),'202401'!$G$4,IF(AND($N64>='202401'!$E$5,$N64<='202401'!$F$5),'202401'!$G$5,0)))) -> 0 | Q64: =IF(AND($N64>='202501'!$E$2,$N64<='202501'!$F$2),'202501'!$I$2,IF(AND($N64>='202501'!$E$3,$N64<='202501'!$F$3),'202501'!$I$3,IF(AND($N64>='202501'!$E$4,$N64<='202501'!$F$4),'202501'!$I$4,IF(AND($N64>='202501'!$E$5,$N64<='202501'!$F$5),'202501'!$I$5,0)))) -> 4 | R64: =IF(AND($N64>='202501'!$E$2,$N64<='202501'!$F$2),'202501'!$G$2,IF(AND($N64>='202501'!$E$3,$N64<='202501'!$F$3),'202501'!$G$3,IF(AND($N64>='202501'!$E$4,$N64<='202501'!$F$4),'202501'!$G$4,IF(AND($N64>='202501'!$E$5,$N64<='202501'!$F$5),'202501'!$G$5,0)))) -> 0 | S64: =IF(AND($N64>='202502'!$E$2,$N64<='202502'!$F$2),'202502'!$I$2,IF(AND($N64>='202502'!$E$3,$N64<='202502'!$F$3),'202502'!$I$3,IF(AND($N64>='202502'!$E$4,$N64<='202502'!$F$4),'202502'!$I$4,IF(AND($N64>='202502'!$E$5,$N64<='202502'!$F$5),'202502'!$I$5,0)))) -> 4 | T64: =IF(AND($N64>='202502'!$E$2,$N64<='202502'!$F$2),'202502'!$G$2,IF(AND($N64>='202502'!$E$3,$N64<='202502'!$F$3),'202502'!$G$3,IF(AND($N64>='202502'!$E$4,$N64<='202502'!$F$4),'202502'!$G$4,IF(AND($N64>='202502'!$E$5,$N64<='202502'!$F$5),'202502'!$G$5,0)))) -> 0
B65: 16504598 | C65: 16504598K | D65: 16504598-K | E65: VELOSO MUÑOZ PAULINA NATALIA | F65: 1750407 | G65: 1750407 | H65: 3320626 | I65: 1750407 | J65: 1750407 | K65: 3331858 | L65: =SUM(F65:K65) -> 13654112 | M65: 6 | N65: 2275685 | O65: =IF(AND($N65>='202401'!$E$2,$N65<='202401'!$F$2),'202401'!$I$2,IF(AND($N65>='202401'!$E$3,$N65<='202401'!$F$3),'202401'!$I$3,IF(AND($N65>='202401'!$E$4,$N65<='202401'!$F$4),'202401'!$I$4,IF(AND($N65>='202401'!$E$5,$N65<='202401'!$F$5),'202401'!$I$5,0)))) -> 4 | P65: =IF(AND($N65>='202401'!$E$2,$N65<='202401'!$F$2),'202401'!$G$2,IF(AND($N65>='202401'!$E$3,$N65<='202401'!$F$3),'202401'!$G$3,IF(AND($N65>='202401'!$E$4,$N65<='202401'!$F$4),'202401'!$G$4,IF(AND($N65>='202401'!$E$5,$N65<='202401'!$F$5),'202401'!$G$5,0)))) -> 0 | Q65: =IF(AND($N65>='202501'!$E$2,$N65<='202501'!$F$2),'202501'!$I$2,IF(AND($N65>='202501'!$E$3,$N65<='202501'!$F$3),'202501'!$I$3,IF(AND($N65>='202501'!$E$4,$N65<='202501'!$F$4),'202501'!$I$4,IF(AND($N65>='202501'!$E$5,$N65<='202501'!$F$5),'202501'!$I$5,0)))) -> 4 | R65: =IF(AND($N65>='202501'!$E$2,$N65<='202501'!$F$2),'202501'!$G$2,IF(AND($N65>='202501'!$E$3,$N65<='202501'!$F$3),'202501'!$G$3,IF(AND($N65>='202501'!$E$4,$N65<='202501'!$F$4),'202501'!$G$4,IF(AND($N65>='202501'!$E$5,$N65<='202501'!$F$5),'202501'!$G$5,0)))) -> 0 | S65: =IF(AND($N65>='202502'!$E$2,$N65<='202502'!$F$2),'202502'!$I$2,IF(AND($N65>='202502'!$E$3,$N65<='202502'!$F$3),'202502'!$I$3,IF(AND($N65>='202502'!$E$4,$N65<='202502'!$F$4),'202502'!$I$4,IF(AND($N65>='202502'!$E$5,$N65<='202502'!$F$5),'202502'!$I$5,0)))) -> 4 | T65: =IF(AND($N65>='202502'!$E$2,$N65<='202502'!$F$2),'202502'!$G$2,IF(AND($N65>='202502'!$E$3,$N65<='202502'!$F$3),'202502'!$G$3,IF(AND($N65>='202502'!$E$4,$N65<='202502'!$F$4),'202502'!$G$4,IF(AND($N65>='202502'!$E$5,$N65<='202502'!$F$5),'202502'!$G$5,0)))) -> 0
B66: 16207807 | C66: 162078070 | D66: 16207807-0 | E66: VELASQUEZ MATURANA SERGIO | F66: 1848325 | G66: 1848325 | H66: 3499909 | I66: 1848325 | J66: 1848325 | K66: 3667632 | L66: =SUM(F66:K66) -> 14560841 | M66: 6 | N66: 2426806 | O66: =IF(AND($N66>='202401'!$E$2,$N66<='202401'!$F$2),'202401'!$I$2,IF(AND($N66>='202401'!$E$3,$N66<='202401'!$F$3),'202401'!$I$3,IF(AND($N66>='202401'!$E$4,$N66<='202401'!$F$4),'202401'!$I$4,IF(AND($N66>='202401'!$E$5,$N66<='202401'!$F$5),'202401'!$I$5,0)))) -> 4 | P66: =IF(AND($N66>='202401'!$E$2,$N66<='202401'!$F$2),'202401'!$G$2,IF(AND($N66>='202401'!$E$3,$N66<='202401'!$F$3),'202401'!$G$3,IF(AND($N66>='202401'!$E$4,$N66<='202401'!$F$4),'202401'!$G$4,IF(AND($N66>='202401'!$E$5,$N66<='202401'!$F$5),'202401'!$G$5,0)))) -> 0 | Q66: =IF(AND($N66>='202501'!$E$2,$N66<='202501'!$F$2),'202501'!$I$2,IF(AND($N66>='202501'!$E$3,$N66<='202501'!$F$3),'202501'!$I$3,IF(AND($N66>='202501'!$E$4,$N66<='202501'!$F$4),'202501'!$I$4,IF(AND($N66>='202501'!$E$5,$N66<='202501'!$F$5),'202501'!$I$5,0)))) -> 4 | R66: =IF(AND($N66>='202501'!$E$2,$N66<='202501'!$F$2),'202501'!$G$2,IF(AND($N66>='202501'!$E$3,$N66<='202501'!$F$3),'202501'!$G$3,IF(AND($N66>='202501'!$E$4,$N66<='202501'!$F$4),'202501'!$G$4,IF(AND($N66>='202501'!$E$5,$N66<='202501'!$F$5),'202501'!$G$5,0)))) -> 0 | S66: =IF(AND($N66>='202502'!$E$2,$N66<='202502'!$F$2),'202502'!$I$2,IF(AND($N66>='202502'!$E$3,$N66<='202502'!$F$3),'202502'!$I$3,IF(AND($N66>='202502'!$E$4,$N66<='202502'!$F$4),'202502'!$I$4,IF(AND($N66>='202502'!$E$5,$N66<='202502'!$F$5),'202502'!$I$5,0)))) -> 4 | T66: =IF(AND($N66>='202502'!$E$2,$N66<='202502'!$F$2),'202502'!$G$2,IF(AND($N66>='202502'!$E$3,$N66<='202502'!$F$3),'202502'!$G$3,IF(AND($N66>='202502'!$E$4,$N66<='202502'!$F$4),'202502'!$G$4,IF(AND($N66>='202502'!$E$5,$N66<='202502'!$F$5),'202502'!$G$5,0)))) -> 0
B67: 15888501 | C67: 158885018 | D67: 15888501-8 | E67: VELASQUEZ HERNANDEZ SALVADOR GALO | F67: 1978012 | G67: 1978012 | H67: 3777757 | I67: 1978012 | J67: 1978012 | K67: 3790647 | L67: =SUM(F67:K67) -> 15480452 | M67: 6 | N67: 2580075 | O67: =IF(AND($N67>='202401'!$E$2,$N67<='202401'!$F$2),'202401'!$I$2,IF(AND($N67>='202401'!$E$3,$N67<='202401'!$F$3),'202401'!$I$3,IF(AND($N67>='202401'!$E$4,$N67<='202401'!$F$4),'202401'!$I$4,IF(AND($N67>='202401'!$E$5,$N67<='202401'!$F$5),'202401'!$I$5,0)))) -> 4 | P67: =IF(AND($N67>='202401'!$E$2,$N67<='202401'!$F$2),'202401'!$G$2,IF(AND($N67>='202401'!$E$3,$N67<='202401'!$F$3),'202401'!$G$3,IF(AND($N67>='202401'!$E$4,$N67<='202401'!$F$4),'202401'!$G$4,IF(AND($N67>='202401'!$E$5,$N67<='202401'!$F$5),'202401'!$G$5,0)))) -> 0 | Q67: =IF(AND($N67>='202501'!$E$2,$N67<='202501'!$F$2),'202501'!$I$2,IF(AND($N67>='202501'!$E$3,$N67<='202501'!$F$3),'202501'!$I$3,IF(AND($N67>='202501'!$E$4,$N67<='202501'!$F$4),'202501'!$I$4,IF(AND($N67>='202501'!$E$5,$N67<='202501'!$F$5),'202501'!$I$5,0)))) -> 4 | R67: =IF(AND($N67>='202501'!$E$2,$N67<='202501'!$F$2),'202501'!$G$2,IF(AND($N67>='202501'!$E$3,$N67<='202501'!$F$3),'202501'!$G$3,IF(AND($N67>='202501'!$E$4,$N67<='202501'!$F$4),'202501'!$G$4,IF(AND($N67>='202501'!$E$5,$N67<='202501'!$F$5),'202501'!$G$5,0)))) -> 0 | S67: =IF(AND($N67>='202502'!$E$2,$N67<='202502'!$F$2),'202502'!$I$2,IF(AND($N67>='202502'!$E$3,$N67<='202502'!$F$3),'202502'!$I$3,IF(AND($N67>='202502'!$E$4,$N67<='202502'!$F$4),'202502'!$I$4,IF(AND($N67>='202502'!$E$5,$N67<='202502'!$F$5),'202502'!$I$5,0)))) -> 4 | T67: =IF(AND($N67>='202502'!$E$2,$N67<='202502'!$F$2),'202502'!$G$2,IF(AND($N67>='202502'!$E$3,$N67<='202502'!$F$3),'202502'!$G$3,IF(AND($N67>='202502'!$E$4,$N67<='202502'!$F$4),'202502'!$G$4,IF(AND($N67>='202502'!$E$5,$N67<='202502'!$F$5),'202502'!$G$5,0)))) -> 0
B68: 15759250 | C68: 157592505 | D68: 15759250-5 | E68: VELASQUEZ FLORES CATALINA ANDREA | F68: 1096576 | G68: 1096576 | H68: 2021137 | I68: 1096576 | J68: 1096576 | K68: 2028161 | L68: =SUM(F68:K68) -> 8435602 | M68: 6 | N68: 1405933 | O68: =IF(AND($N68>='202401'!$E$2,$N68<='202401'!$F$2),'202401'!$I$2,IF(AND($N68>='202401'!$E$3,$N68<='202401'!$F$3),'202401'!$I$3,IF(AND($N68>='202401'!$E$4,$N68<='202401'!$F$4),'202401'!$I$4,IF(AND($N68>='202401'!$E$5,$N68<='202401'!$F$5),'202401'!$I$5,0)))) -> 4 | P68: =IF(AND($N68>='202401'!$E$2,$N68<='202401'!$F$2),'202401'!$G$2,IF(AND($N68>='202401'!$E$3,$N68<='202401'!$F$3),'202401'!$G$3,IF(AND($N68>='202401'!$E$4,$N68<='202401'!$F$4),'202401'!$G$4,IF(AND($N68>='202401'!$E$5,$N68<='202401'!$F$5),'202401'!$G$5,0)))) -> 0 | Q68: =IF(AND($N68>='202501'!$E$2,$N68<='202501'!$F$2),'202501'!$I$2,IF(AND($N68>='202501'!$E$3,$N68<='202501'!$F$3),'202501'!$I$3,IF(AND($N68>='202501'!$E$4,$N68<='202501'!$F$4),'202501'!$I$4,IF(AND($N68>='202501'!$E$5,$N68<='202501'!$F$5),'202501'!$I$5,0)))) -> 4 | R68: =IF(AND($N68>='202501'!$E$2,$N68<='202501'!$F$2),'202501'!$G$2,IF(AND($N68>='202501'!$E$3,$N68<='202501'!$F$3),'202501'!$G$3,IF(AND($N68>='202501'!$E$4,$N68<='202501'!$F$4),'202501'!$G$4,IF(AND($N68>='202501'!$E$5,$N68<='202501'!$F$5),'202501'!$G$5,0)))) -> 0 | S68: =IF(AND($N68>='202502'!$E$2,$N68<='202502'!$F$2),'202502'!$I$2,IF(AND($N68>='202502'!$E$3,$N68<='202502'!$F$3),'202502'!$I$3,IF(AND($N68>='202502'!$E$4,$N68<='202502'!$F$4),'202502'!$I$4,IF(AND($N68>='202502'!$E$5,$N68<='202502'!$F$5),'202502'!$I$5,0)))) -> 3 | T68: =IF(AND($N68>='202502'!$E$2,$N68<='202502'!$F$2),'202502'!$G$2,IF(AND($N68>='202502'!$E$3,$N68<='202502'!$F$3),'202502'!$G$3,IF(AND($N68>='202502'!$E$4,$N68<='202502'!$F$4),'202502'!$G$4,IF(AND($N68>='202502'!$E$5,$N68<='202502'!$F$5),'202502'!$G$5,0)))) -> 4267
B69: 10160652 | C69: 10160652K | D69: 10160652-K | E69: VEGAS BERNAL SILVIA | F69: 1858417 | G69: 2226653 | H69: 3510001 | I69: 1858417 | J69: 1858417 | K69: 3953009 | L69: =SUM(F69:K69) -> 15264914 | M69: 6 | N69: 2544152 | O69: =IF(AND($N69>='202401'!$E$2,$N69<='202401'!$F$2),'202401'!$I$2,IF(AND($N69>='202401'!$E$3,$N69<='202401'!$F$3),'202401'!$I$3,IF(AND($N69>='202401'!$E$4,$N69<='202401'!$F$4),'202401'!$I$4,IF(AND($N69>='202401'!$E$5,$N69<='202401'!$F$5),'202401'!$I$5,0)))) -> 4 | P69: =IF(AND($N69>='202401'!$E$2,$N69<='202401'!$F$2),'202401'!$G$2,IF(AND($N69>='202401'!$E$3,$N69<='202401'!$F$3),'202401'!$G$3,IF(AND($N69>='202401'!$E$4,$N69<='202401'!$F$4),'202401'!$G$4,IF(AND($N69>='202401'!$E$5,$N69<='202401'!$F$5),'202401'!$G$5,0)))) -> 0 | Q69: =IF(AND($N69>='202501'!$E$2,$N69<='202501'!$F$2),'202501'!$I$2,IF(AND($N69>='202501'!$E$3,$N69<='202501'!$F$3),'202501'!$I$3,IF(AND($N69>='202501'!$E$4,$N69<='202501'!$F$4),'202501'!$I$4,IF(AND($N69>='202501'!$E$5,$N69<='202501'!$F$5),'202501'!$I$5,0)))) -> 4 | R69: =IF(AND($N69>='202501'!$E$2,$N69<='202501'!$F$2),'202501'!$G$2,IF(AND($N69>='202501'!$E$3,$N69<='202501'!$F$3),'202501'!$G$3,IF(AND($N69>='202501'!$E$4,$N69<='202501'!$F$4),'202501'!$G$4,IF(AND($N69>='202501'!$E$5,$N69<='202501'!$F$5),'202501'!$G$5,0)))) -> 0 | S69: =IF(AND($N69>='202502'!$E$2,$N69<='202502'!$F$2),'202502'!$I$2,IF(AND($N69>='202502'!$E$3,$N69<='202502'!$F$3),'202502'!$I$3,IF(AND($N69>='202502'!$E$4,$N69<='202502'!$F$4),'202502'!$I$4,IF(AND($N69>='202502'!$E$5,$N69<='202502'!$F$5),'202502'!$I$5,0)))) -> 4 | T69: =IF(AND($N69>='202502'!$E$2,$N69<='202502'!$F$2),'202502'!$G$2,IF(AND($N69>='202502'!$E$3,$N69<='202502'!$F$3),'202502'!$G$3,IF(AND($N69>='202502'!$E$4,$N69<='202502'!$F$4),'202502'!$G$4,IF(AND($N69>='202502'!$E$5,$N69<='202502'!$F$5),'202502'!$G$5,0)))) -> 0
B70: 15686332 | C70: 156863327 | D70: 15686332-7 | E70: VEGA SANQUEA CARLOS MANUEL | F70: 1232614 | G70: 1232614 | H70: 2505512 | I70: 1232614 | J70: 1232614 | K70: 2523358 | L70: =SUM(F70:K70) -> 9959326 | M70: 6 | N70: 1659887 | O70: =IF(AND($N70>='202401'!$E$2,$N70<='202401'!$F$2),'202401'!$I$2,IF(AND($N70>='202401'!$E$3,$N70<='202401'!$F$3),'202401'!$I$3,IF(AND($N70>='202401'!$E$4,$N70<='202401'!$F$4),'202401'!$I$4,IF(AND($N70>='202401'!$E$5,$N70<='202401'!$F$5),'202401'!$I$5,0)))) -> 4 | P70: =IF(AND($N70>='202401'!$E$2,$N70<='202401'!$F$2),'202401'!$G$2,IF(AND($N70>='202401'!$E$3,$N70<='202401'!$F$3),'202401'!$G$3,IF(AND($N70>='202401'!$E$4,$N70<='202401'!$F$4),'202401'!$G$4,IF(AND($N70>='202401'!$E$5,$N70<='202401'!$F$5),'202401'!$G$5,0)))) -> 0 | Q70: =IF(AND($N70>='202501'!$E$2,$N70<='202501'!$F$2),'202501'!$I$2,IF(AND($N70>='202501'!$E$3,$N70<='202501'!$F$3),'202501'!$I$3,IF(AND($N70>='202501'!$E$4,$N70<='202501'!$F$4),'202501'!$I$4,IF(AND($N70>='202501'!$E$5,$N70<='202501'!$F$5),'202501'!$I$5,0)))) -> 4 | R70: =IF(AND($N70>='202501'!$E$2,$N70<='202501'!$F$2),'202501'!$G$2,IF(AND($N70>='202501'!$E$3,$N70<='202501'!$F$3),'202501'!$G$3,IF(AND($N70>='202501'!$E$4,$N70<='202501'!$F$4),'202501'!$G$4,IF(AND($N70>='202501'!$E$5,$N70<='202501'!$F$5),'202501'!$G$5,0)))) -> 0 | S70: =IF(AND($N70>='202502'!$E$2,$N70<='202502'!$F$2),'202502'!$I$2,IF(AND($N70>='202502'!$E$3,$N70<='202502'!$F$3),'202502'!$I$3,IF(AND($N70>='202502'!$E$4,$N70<='202502'!$F$4),'202502'!$I$4,IF(AND($N70>='202502'!$E$5,$N70<='202502'!$F$5),'202502'!$I$5,0)))) -> 4 | T70: =IF(AND($N70>='202502'!$E$2,$N70<='202502'!$F$2),'202502'!$G$2,IF(AND($N70>='202502'!$E$3,$N70<='202502'!$F$3),'202502'!$G$3,IF(AND($N70>='202502'!$E$4,$N70<='202502'!$F$4),'202502'!$G$4,IF(AND($N70>='202502'!$E$5,$N70<='202502'!$F$5),'202502'!$G$5,0)))) -> 0
B71: 13107319 | C71: 131073194 | D71: 13107319-4 | E71: VEGA RIFFO VIVIAN | J71: 966469 | K71: 2554531 | L71: =SUM(F71:K71) -> 3521000 | M71: 2 | N71: 1760500 | O71: =IF(AND($N71>='202401'!$E$2,$N71<='202401'!$F$2),'202401'!$I$2,IF(AND($N71>='202401'!$E$3,$N71<='202401'!$F$3),'202401'!$I$3,IF(AND($N71>='202401'!$E$4,$N71<='202401'!$F$4),'202401'!$I$4,IF(AND($N71>='202401'!$E$5,$N71<='202401'!$F$5),'202401'!$I$5,0)))) -> 4 | P71: =IF(AND($N71>='202401'!$E$2,$N71<='202401'!$F$2),'202401'!$G$2,IF(AND($N71>='202401'!$E$3,$N71<='202401'!$F$3),'202401'!$G$3,IF(AND($N71>='202401'!$E$4,$N71<='202401'!$F$4),'202401'!$G$4,IF(AND($N71>='202401'!$E$5,$N71<='202401'!$F$5),'202401'!$G$5,0)))) -> 0 | Q71: =IF(AND($N71>='202501'!$E$2,$N71<='202501'!$F$2),'202501'!$I$2,IF(AND($N71>='202501'!$E$3,$N71<='202501'!$F$3),'202501'!$I$3,IF(AND($N71>='202501'!$E$4,$N71<='202501'!$F$4),'202501'!$I$4,IF(AND($N71>='202501'!$E$5,$N71<='202501'!$F$5),'202501'!$I$5,0)))) -> 4 | R71: =IF(AND($N71>='202501'!$E$2,$N71<='202501'!$F$2),'202501'!$G$2,IF(AND($N71>='202501'!$E$3,$N71<='202501'!$F$3),'202501'!$G$3,IF(AND($N71>='202501'!$E$4,$N71<='202501'!$F$4),'202501'!$G$4,IF(AND($N71>='202501'!$E$5,$N71<='202501'!$F$5),'202501'!$G$5,0)))) -> 0 | S71: =IF(AND($N71>='202502'!$E$2,$N71<='202502'!$F$2),'202502'!$I$2,IF(AND($N71>='202502'!$E$3,$N71<='202502'!$F$3),'202502'!$I$3,IF(AND($N71>='202502'!$E$4,$N71<='202502'!$F$4),'202502'!$I$4,IF(AND($N71>='202502'!$E$5,$N71<='202502'!$F$5),'202502'!$I$5,0)))) -> 4 | T71: =IF(AND($N71>='202502'!$E$2,$N71<='202502'!$F$2),'202502'!$G$2,IF(AND($N71>='202502'!$E$3,$N71<='202502'!$F$3),'202502'!$G$3,IF(AND($N71>='202502'!$E$4,$N71<='202502'!$F$4),'202502'!$G$4,IF(AND($N71>='202502'!$E$5,$N71<='202502'!$F$5),'202502'!$G$5,0)))) -> 0
B72: 15027472 | C72: 150274729 | D72: 15027472-9 | E72: VEGA MUÑOZ MACARENA ELIZABETH | F72: 1212021 | G72: 1212021 | H72: 2338688 | I72: 1212021 | J72: 1212021 | K72: 2311538 | L72: =SUM(F72:K72) -> 9498310 | M72: 6 | N72: 1583051 | O72: =IF(AND($N72>='202401'!$E$2,$N72<='202401'!$F$2),'202401'!$I$2,IF(AND($N72>='202401'!$E$3,$N72<='202401'!$F$3),'202401'!$I$3,IF(AND($N72>='202401'!$E$4,$N72<='202401'!$F$4),'202401'!$I$4,IF(AND($N72>='202401'!$E$5,$N72<='202401'!$F$5),'202401'!$I$5,0)))) -> 4 | P72: =IF(AND($N72>='202401'!$E$2,$N72<='202401'!$F$2),'202401'!$G$2,IF(AND($N72>='202401'!$E$3,$N72<='202401'!$F$3),'202401'!$G$3,IF(AND($N72>='202401'!$E$4,$N72<='202401'!$F$4),'202401'!$G$4,IF(AND($N72>='202401'!$E$5,$N72<='202401'!$F$5),'202401'!$G$5,0)))) -> 0 | Q72: =IF(AND($N72>='202501'!$E$2,$N72<='202501'!$F$2),'202501'!$I$2,IF(AND($N72>='202501'!$E$3,$N72<='202501'!$F$3),'202501'!$I$3,IF(AND($N72>='202501'!$E$4,$N72<='202501'!$F$4),'202501'!$I$4,IF(AND($N72>='202501'!$E$5,$N72<='202501'!$F$5),'202501'!$I$5,0)))) -> 4 | R72: =IF(AND($N72>='202501'!$E$2,$N72<='202501'!$F$2),'202501'!$G$2,IF(AND($N72>='202501'!$E$3,$N72<='202501'!$F$3),'202501'!$G$3,IF(AND($N72>='202501'!$E$4,$N72<='202501'!$F$4),'202501'!$G$4,IF(AND($N72>='202501'!$E$5,$N72<='202501'!$F$5),'202501'!$G$5,0)))) -> 0 | S72: =IF(AND($N72>='202502'!$E$2,$N72<='202502'!$F$2),'202502'!$I$2,IF(AND($N72>='202502'!$E$3,$N72<='202502'!$F$3),'202502'!$I$3,IF(AND($N72>='202502'!$E$4,$N72<='202502'!$F$4),'202502'!$I$4,IF(AND($N72>='202502'!$E$5,$N72<='202502'!$F$5),'202502'!$I$5,0)))) -> 4 | T72: =IF(AND($N72>='202502'!$E$2,$N72<='202502'!$F$2),'202502'!$G$2,IF(AND($N72>='202502'!$E$3,$N72<='202502'!$F$3),'202502'!$G$3,IF(AND($N72>='202502'!$E$4,$N72<='202502'!$F$4),'202502'!$G$4,IF(AND($N72>='202502'!$E$5,$N72<='202502'!$F$5),'202502'!$G$5,0)))) -> 0
B73: 11507757 | C73: 115077570 | D73: 11507757-0 | E73: VEGA CARVAJAL MARITZA ISABEL | F73: 1949237 | G73: 1949237 | H73: 3573128 | I73: 1949237 | J73: 1949237 | K73: 3585583 | L73: =SUM(F73:K73) -> 14955659 | M73: 6 | N73: 2492609 | O73: =IF(AND($N73>='202401'!$E$2,$N73<='202401'!$F$2),'202401'!$I$2,IF(AND($N73>='202401'!$E$3,$N73<='202401'!$F$3),'202401'!$I$3,IF(AND($N73>='202401'!$E$4,$N73<='202401'!$F$4),'202401'!$I$4,IF(AND($N73>='202401'!$E$5,$N73<='202401'!$F$5),'202401'!$I$5,0)))) -> 4 | P73: =IF(AND($N73>='202401'!$E$2,$N73<='202401'!$F$2),'202401'!$G$2,IF(AND($N73>='202401'!$E$3,$N73<='202401'!$F$3),'202401'!$G$3,IF(AND($N73>='202401'!$E$4,$N73<='202401'!$F$4),'202401'!$G$4,IF(AND($N73>='202401'!$E$5,$N73<='202401'!$F$5),'202401'!$G$5,0)))) -> 0 | Q73: =IF(AND($N73>='202501'!$E$2,$N73<='202501'!$F$2),'202501'!$I$2,IF(AND($N73>='202501'!$E$3,$N73<='202501'!$F$3),'202501'!$I$3,IF(AND($N73>='202501'!$E$4,$N73<='202501'!$F$4),'202501'!$I$4,IF(AND($N73>='202501'!$E$5,$N73<='202501'!$F$5),'202501'!$I$5,0)))) -> 4 | R73: =IF(AND($N73>='202501'!$E$2,$N73<='202501'!$F$2),'202501'!$G$2,IF(AND($N73>='202501'!$E$3,$N73<='202501'!$F$3),'202501'!$G$3,IF(AND($N73>='202501'!$E$4,$N73<='202501'!$F$4),'202501'!$G$4,IF(AND($N73>='202501'!$E$5,$N73<='202501'!$F$5),'202501'!$G$5,0)))) -> 0 | S73: =IF(AND($N73>='202502'!$E$2,$N73<='202502'!$F$2),'202502'!$I$2,IF(AND($N73>='202502'!$E$3,$N73<='202502'!$F$3),'202502'!$I$3,IF(AND($N73>='202502'!$E$4,$N73<='202502'!$F$4),'202502'!$I$4,IF(AND($N73>='202502'!$E$5,$N73<='202502'!$F$5),'202502'!$I$5,0)))) -> 4 | T73: =IF(AND($N73>='202502'!$E$2,$N73<='202502'!$F$2),'202502'!$G$2,IF(AND($N73>='202502'!$E$3,$N73<='202502'!$F$3),'202502'!$G$3,IF(AND($N73>='202502'!$E$4,$N73<='202502'!$F$4),'202502'!$G$4,IF(AND($N73>='202502'!$E$5,$N73<='202502'!$F$5),'202502'!$G$5,0)))) -> 0
B74: 11364865 | C74: 113648651 | D74: 11364865-1 | E74: VEAS MUÑOZ SERGIO LUIS | F74: 2188124 | G74: 2188124 | H74: 3815778 | I74: 2188124 | J74: 2461192 | K74: 3829432 | L74: =SUM(F74:K74) -> 16670774 | M74: 6 | N74: 2778462 | O74: =IF(AND($N74>='202401'!$E$2,$N74<='202401'!$F$2),'202401'!$I$2,IF(AND($N74>='202401'!$E$3,$N74<='202401'!$F$3),'202401'!$I$3,IF(AND($N74>='202401'!$E$4,$N74<='202401'!$F$4),'202401'!$I$4,IF(AND($N74>='202401'!$E$5,$N74<='202401'!$F$5),'202401'!$I$5,0)))) -> 4 | P74: =IF(AND($N74>='202401'!$E$2,$N74<='202401'!$F$2),'202401'!$G$2,IF(AND($N74>='202401'!$E$3,$N74<='202401'!$F$3),'202401'!$G$3,IF(AND($N74>='202401'!$E$4,$N74<='202401'!$F$4),'202401'!$G$4,IF(AND($N74>='202401'!$E$5,$N74<='202401'!$F$5),'202401'!$G$5,0)))) -> 0 | Q74: =IF(AND($N74>='202501'!$E$2,$N74<='202501'!$F$2),'202501'!$I$2,IF(AND($N74>='202501'!$E$3,$N74<='202501'!$F$3),'202501'!$I$3,IF(AND($N74>='202501'!$E$4,$N74<='202501'!$F$4),'202501'!$I$4,IF(AND($N74>='202501'!$E$5,$N74<='202501'!$F$5),'202501'!$I$5,0)))) -> 4 | R74: =IF(AND($N74>='202501'!$E$2,$N74<='202501'!$F$2),'202501'!$G$2,IF(AND($N74>='202501'!$E$3,$N74<='202501'!$F$3),'202501'!$G$3,IF(AND($N74>='202501'!$E$4,$N74<='202501'!$F$4),'202501'!$G$4,IF(AND($N74>='202501'!$E$5,$N74<='202501'!$F$5),'202501'!$G$5,0)))) -> 0 | S74: =IF(AND($N74>='202502'!$E$2,$N74<='202502'!$F$2),'202502'!$I$2,IF(AND($N74>='202502'!$E$3,$N74<='202502'!$F$3),'202502'!$I$3,IF(AND($N74>='202502'!$E$4,$N74<='202502'!$F$4),'202502'!$I$4,IF(AND($N74>='202502'!$E$5,$N74<='202502'!$F$5),'202502'!$I$5,0)))) -> 4 | T74: =IF(AND($N74>='202502'!$E$2,$N74<='202502'!$F$2),'202502'!$G$2,IF(AND($N74>='202502'!$E$3,$N74<='202502'!$F$3),'202502'!$G$3,IF(AND($N74>='202502'!$E$4,$N74<='202502'!$F$4),'202502'!$G$4,IF(AND($N74>='202502'!$E$5,$N74<='202502'!$F$5),'202502'!$G$5,0)))) -> 0
B75: 18314311 | C75: 183143115 | D75: 18314311-5 | E75: VASQUEZ TORANZO ALVARO GIOVANNI | F75: 3004895 | G75: 1027228 | H75: 2146539 | I75: 1027228 | J75: 753301 | K75: 2428242 | L75: =SUM(F75:K75) -> 10387433 | M75: 6 | N75: 1731238 | O75: =IF(AND($N75>='202401'!$E$2,$N75<='202401'!$F$2),'202401'!$I$2,IF(AND($N75>='202401'!$E$3,$N75<='202401'!$F$3),'202401'!$I$3,IF(AND($N75>='202401'!$E$4,$N75<='202401'!$F$4),'202401'!$I$4,IF(AND($N75>='202401'!$E$5,$N75<='202401'!$F$5),'202401'!$I$5,0)))) -> 4 | P75: =IF(AND($N75>='202401'!$E$2,$N75<='202401'!$F$2),'202401'!$G$2,IF(AND($N75>='202401'!$E$3,$N75<='202401'!$F$3),'202401'!$G$3,IF(AND($N75>='202401'!$E$4,$N75<='202401'!$F$4),'202401'!$G$4,IF(AND($N75>='202401'!$E$5,$N75<='202401'!$F$5),'202401'!$G$5,0)))) -> 0 | Q75: =IF(AND($N75>='202501'!$E$2,$N75<='202501'!$F$2),'202501'!$I$2,IF(AND($N75>='202501'!$E$3,$N75<='202501'!$F$3),'202501'!$I$3,IF(AND($N75>='202501'!$E$4,$N75<='202501'!$F$4),'202501'!$I$4,IF(AND($N75>='202501'!$E$5,$N75<='202501'!$F$5),'202501'!$I$5,0)))) -> 4 | R75: =IF(AND($N75>='202501'!$E$2,$N75<='202501'!$F$2),'202501'!$G$2,IF(AND($N75>='202501'!$E$3,$N75<='202501'!$F$3),'202501'!$G$3,IF(AND($N75>='202501'!$E$4,$N75<='202501'!$F$4),'202501'!$G$4,IF(AND($N75>='202501'!$E$5,$N75<='202501'!$F$5),'202501'!$G$5,0)))) -> 0 | S75: =IF(AND($N75>='202502'!$E$2,$N75<='202502'!$F$2),'202502'!$I$2,IF(AND($N75>='202502'!$E$3,$N75<='202502'!$F$3),'202502'!$I$3,IF(AND($N75>='202502'!$E$4,$N75<='202502'!$F$4),'202502'!$I$4,IF(AND($N75>='202502'!$E$5,$N75<='202502'!$F$5),'202502'!$I$5,0)))) -> 4 | T75: =IF(AND($N75>='202502'!$E$2,$N75<='202502'!$F$2),'202502'!$G$2,IF(AND($N75>='202502'!$E$3,$N75<='202502'!$F$3),'202502'!$G$3,IF(AND($N75>='202502'!$E$4,$N75<='202502'!$F$4),'202502'!$G$4,IF(AND($N75>='202502'!$E$5,$N75<='202502'!$F$5),'202502'!$G$5,0)))) -> 0
B76: 14534979 | C76: 145349796 | D76: 14534979-6 | E76: VASQUEZ PUGA SERGIO ELIAS | F76: 836841 | G76: 836841 | H76: 1628373 | I76: 836841 | J76: 1320808 | K76: 1633875 | L76: =SUM(F76:K76) -> 7093579 | M76: 6 | N76: 1182263 | O76: =IF(AND($N76>='202401'!$E$2,$N76<='202401'!$F$2),'202401'!$I$2,IF(AND($N76>='202401'!$E$3,$N76<='202401'!$F$3),'202401'!$I$3,IF(AND($N76>='202401'!$E$4,$N76<='202401'!$F$4),'202401'!$I$4,IF(AND($N76>='202401'!$E$5,$N76<='202401'!$F$5),'202401'!$I$5,0)))) -> 3 | P76: =IF(AND($N76>='202401'!$E$2,$N76<='202401'!$F$2),'202401'!$G$2,IF(AND($N76>='202401'!$E$3,$N76<='202401'!$F$3),'202401'!$G$3,IF(AND($N76>='202401'!$E$4,$N76<='202401'!$F$4),'202401'!$G$4,IF(AND($N76>='202401'!$E$5,$N76<='202401'!$F$5),'202401'!$G$5,0)))) -> 4119 | Q76: =IF(AND($N76>='202501'!$E$2,$N76<='202501'!$F$2),'202501'!$I$2,IF(AND($N76>='202501'!$E$3,$N76<='202501'!$F$3),'202501'!$I$3,IF(AND($N76>='202501'!$E$4,$N76<='202501'!$F$4),'202501'!$I$4,IF(AND($N76>='202501'!$E$5,$N76<='202501'!$F$5),'202501'!$I$5,0)))) -> 3 | R76: =IF(AND($N76>='202501'!$E$2,$N76<='202501'!$F$2),'202501'!$G$2,IF(AND($N76>='202501'!$E$3,$N76<='202501'!$F$3),'202501'!$G$3,IF(AND($N76>='202501'!$E$4,$N76<='202501'!$F$4),'202501'!$G$4,IF(AND($N76>='202501'!$E$5,$N76<='202501'!$F$5),'202501'!$G$5,0)))) -> 4119 | S76: =IF(AND($N76>='202502'!$E$2,$N76<='202502'!$F$2),'202502'!$I$2,IF(AND($N76>='202502'!$E$3,$N76<='202502'!$F$3),'202502'!$I$3,IF(AND($N76>='202502'!$E$4,$N76<='202502'!$F$4),'202502'!$I$4,IF(AND($N76>='202502'!$E$5,$N76<='202502'!$F$5),'202502'!$I$5,0)))) -> 3 | T76: =IF(AND($N76>='202502'!$E$2,$N76<='202502'!$F$2),'202502'!$G$2,IF(AND($N76>='202502'!$E$3,$N76<='202502'!$F$3),'202502'!$G$3,IF(AND($N76>='202502'!$E$4,$N76<='202502'!$F$4),'202502'!$G$4,IF(AND($N76>='202502'!$E$5,$N76<='202502'!$F$5),'202502'!$G$5,0)))) -> 4267
